NAME,FILE,STACKED_FILE,DIR,EXTRACT_TAG,MAP,SENSOR,PROD,ALG,PERIOD,PERIOD_CODE,MATH,FILE_TYPE,UNITS,MTIME_FILE,MTIME_SUBAREA,REGION,SUBAREA,N_SUBAREA,N,MIN,MAX,MED,AMEAN,GMEAN,STD
MM_202301_202312-MONTH_00_2012_2023-ACSPO-V2.0-L3B2-NWA_SUBSET-PXY_1_1211676-SST-ANOM.SAV,/Satdata_Primary/nadata/DATASETS/ACSPONRT/V2.0/L3B2/STACKED_ANOMS/SST/MM_202301_202312-MONTH_00_2012_2023-ACSPO-V2.0-L3B2-NWA_SUBSET-PXY_1_1211676-SST-ANOM.SAV,/Satdata_Primary/nadata/DATASETS/ACSPONRT/V2.0/L3B2/STACKED_ANOMS/SST/MM_202301_202312-MONTH_00_2012_2023-ACSPO-V2.0-L3B2-NWA_SUBSET-PXY_1_1211676-SST-ANOM.SAV,/Satdata_Primary/nadata/DATASETS/ACSPONRT/V2.0/L3B2/STACKED_ANOMS/SST/,DIF,L3B2,ACSPO,SST,,M_202301,M,ANOM,STACKED_ANOMS,K,1688067437,1688150894,SHELFBREAK_40KM,SHELFBREAK_IN_40_80_KM,6062,6062,-0.5846872329711914,2.188955307006836,0.8463954925537109,0.8850156227301859,0.7776591689148966,0.3992583717542137
MM_202301_202312-MONTH_00_2012_2023-ACSPO-V2.0-L3B2-NWA_SUBSET-PXY_1_1211676-SST-ANOM.SAV,/Satdata_Primary/nadata/DATASETS/ACSPONRT/V2.0/L3B2/STACKED_ANOMS/SST/MM_202301_202312-MONTH_00_2012_2023-ACSPO-V2.0-L3B2-NWA_SUBSET-PXY_1_1211676-SST-ANOM.SAV,/Satdata_Primary/nadata/DATASETS/ACSPONRT/V2.0/L3B2/STACKED_ANOMS/SST/MM_202301_202312-MONTH_00_2012_2023-ACSPO-V2.0-L3B2-NWA_SUBSET-PXY_1_1211676-SST-ANOM.SAV,/Satdata_Primary/nadata/DATASETS/ACSPONRT/V2.0/L3B2/STACKED_ANOMS/SST/,DIF,L3B2,ACSPO,SST,,M_202301,M,ANOM,STACKED_ANOMS,K,1688067437,1688150894,SHELFBREAK_40KM,SHELFBREAK_IN_0_40_KM,6885,6885,-0.7910585403442383,2.698326110839844,1.014533042907715,0.9701813848103487,0.8403748139499770,0.5814118864036303
MM_202301_202312-MONTH_00_2012_2023-ACSPO-V2.0-L3B2-NWA_SUBSET-PXY_1_1211676-SST-ANOM.SAV,/Satdata_Primary/nadata/DATASETS/ACSPONRT/V2.0/L3B2/STACKED_ANOMS/SST/MM_202301_202312-MONTH_00_2012_2023-ACSPO-V2.0-L3B2-NWA_SUBSET-PXY_1_1211676-SST-ANOM.SAV,/Satdata_Primary/nadata/DATASETS/ACSPONRT/V2.0/L3B2/STACKED_ANOMS/SST/MM_202301_202312-MONTH_00_2012_2023-ACSPO-V2.0-L3B2-NWA_SUBSET-PXY_1_1211676-SST-ANOM.SAV,/Satdata_Primary/nadata/DATASETS/ACSPONRT/V2.0/L3B2/STACKED_ANOMS/SST/,DIF,L3B2,ACSPO,SST,,M_202301,M,ANOM,STACKED_ANOMS,K,1688067437,1688150894,SHELFBREAK_40KM,SHELFBREAK_OFF_40_80_K,6207,6207,-1.559716224670410,2.276858329772949,0.7651576995849609,0.6581896612450987,0.7699034393401237,0.7536083055848732
MM_202301_202312-MONTH_00_2012_2023-ACSPO-V2.0-L3B2-NWA_SUBSET-PXY_1_1211676-SST-ANOM.SAV,/Satdata_Primary/nadata/DATASETS/ACSPONRT/V2.0/L3B2/STACKED_ANOMS/SST/MM_202301_202312-MONTH_00_2012_2023-ACSPO-V2.0-L3B2-NWA_SUBSET-PXY_1_1211676-SST-ANOM.SAV,/Satdata_Primary/nadata/DATASETS/ACSPONRT/V2.0/L3B2/STACKED_ANOMS/SST/MM_202301_202312-MONTH_00_2012_2023-ACSPO-V2.0-L3B2-NWA_SUBSET-PXY_1_1211676-SST-ANOM.SAV,/Satdata_Primary/nadata/DATASETS/ACSPONRT/V2.0/L3B2/STACKED_ANOMS/SST/,DIF,L3B2,ACSPO,SST,,M_202301,M,ANOM,STACKED_ANOMS,K,1688067437,1688150894,SHELFBREAK_40KM,SHELFBREAK_OFF_0_40_KM,6853,6853,-1.862076759338379,2.698326110839844,1.033774375915527,0.9536505758579710,0.9059192858138823,0.7856635634794314
MM_202301_202312-MONTH_00_2012_2023-ACSPO-V2.0-L3B2-NWA_SUBSET-PXY_1_1211676-SST-ANOM.SAV,/Satdata_Primary/nadata/DATASETS/ACSPONRT/V2.0/L3B2/STACKED_ANOMS/SST/MM_202301_202312-MONTH_00_2012_2023-ACSPO-V2.0-L3B2-NWA_SUBSET-PXY_1_1211676-SST-ANOM.SAV,/Satdata_Primary/nadata/DATASETS/ACSPONRT/V2.0/L3B2/STACKED_ANOMS/SST/MM_202301_202312-MONTH_00_2012_2023-ACSPO-V2.0-L3B2-NWA_SUBSET-PXY_1_1211676-SST-ANOM.SAV,/Satdata_Primary/nadata/DATASETS/ACSPONRT/V2.0/L3B2/STACKED_ANOMS/SST/,DIF,L3B2,ACSPO,SST,,M_202302,M,ANOM,STACKED_ANOMS,K,1688067437,1688150894,SHELFBREAK_40KM,SHELFBREAK_IN_40_80_KM,6062,6062,0.2770538330078125,4.985105514526367,1.108265876770020,1.131572260946301,1.076954554270394,0.3619333276699289
MM_202301_202312-MONTH_00_2012_2023-ACSPO-V2.0-L3B2-NWA_SUBSET-PXY_1_1211676-SST-ANOM.SAV,/Satdata_Primary/nadata/DATASETS/ACSPONRT/V2.0/L3B2/STACKED_ANOMS/SST/MM_202301_202312-MONTH_00_2012_2023-ACSPO-V2.0-L3B2-NWA_SUBSET-PXY_1_1211676-SST-ANOM.SAV,/Satdata_Primary/nadata/DATASETS/ACSPONRT/V2.0/L3B2/STACKED_ANOMS/SST/MM_202301_202312-MONTH_00_2012_2023-ACSPO-V2.0-L3B2-NWA_SUBSET-PXY_1_1211676-SST-ANOM.SAV,/Satdata_Primary/nadata/DATASETS/ACSPONRT/V2.0/L3B2/STACKED_ANOMS/SST/,DIF,L3B2,ACSPO,SST,,M_202302,M,ANOM,STACKED_ANOMS,K,1688067437,1688150894,SHELFBREAK_40KM,SHELFBREAK_IN_0_40_KM,6885,6885,-0.6165914535522461,4.257130622863770,1.039305686950684,1.064740718406616,0.8751119291257015,0.6745462961996104
MM_202301_202312-MONTH_00_2012_2023-ACSPO-V2.0-L3B2-NWA_SUBSET-PXY_1_1211676-SST-ANOM.SAV,/Satdata_Primary/nadata/DATASETS/ACSPONRT/V2.0/L3B2/STACKED_ANOMS/SST/MM_202301_202312-MONTH_00_2012_2023-ACSPO-V2.0-L3B2-NWA_SUBSET-PXY_1_1211676-SST-ANOM.SAV,/Satdata_Primary/nadata/DATASETS/ACSPONRT/V2.0/L3B2/STACKED_ANOMS/SST/MM_202301_202312-MONTH_00_2012_2023-ACSPO-V2.0-L3B2-NWA_SUBSET-PXY_1_1211676-SST-ANOM.SAV,/Satdata_Primary/nadata/DATASETS/ACSPONRT/V2.0/L3B2/STACKED_ANOMS/SST/,DIF,L3B2,ACSPO,SST,,M_202302,M,ANOM,STACKED_ANOMS,K,1688067437,1688150894,SHELFBREAK_40KM,SHELFBREAK_OFF_40_80_K,6207,6207,-3.058077812194824,4.302070617675781,0.7694692611694336,0.9308934820165030,0.7699362040428975,1.165901224185998
MM_202301_202312-MONTH_00_2012_2023-ACSPO-V2.0-L3B2-NWA_SUBSET-PXY_1_1211676-SST-ANOM.SAV,/Satdata_Primary/nadata/DATASETS/ACSPONRT/V2.0/L3B2/STACKED_ANOMS/SST/MM_202301_202312-MONTH_00_2012_2023-ACSPO-V2.0-L3B2-NWA_SUBSET-PXY_1_1211676-SST-ANOM.SAV,/Satdata_Primary/nadata/DATASETS/ACSPONRT/V2.0/L3B2/STACKED_ANOMS/SST/MM_202301_202312-MONTH_00_2012_2023-ACSPO-V2.0-L3B2-NWA_SUBSET-PXY_1_1211676-SST-ANOM.SAV,/Satdata_Primary/nadata/DATASETS/ACSPONRT/V2.0/L3B2/STACKED_ANOMS/SST/,DIF,L3B2,ACSPO,SST,,M_202302,M,ANOM,STACKED_ANOMS,K,1688067437,1688150894,SHELFBREAK_40KM,SHELFBREAK_OFF_0_40_KM,6853,6853,-1.780382156372070,4.244336128234863,0.7817153930664062,0.9937501998777791,0.8037961206107370,0.9674111700275422
MM_202301_202312-MONTH_00_2012_2023-ACSPO-V2.0-L3B2-NWA_SUBSET-PXY_1_1211676-SST-ANOM.SAV,/Satdata_Primary/nadata/DATASETS/ACSPONRT/V2.0/L3B2/STACKED_ANOMS/SST/MM_202301_202312-MONTH_00_2012_2023-ACSPO-V2.0-L3B2-NWA_SUBSET-PXY_1_1211676-SST-ANOM.SAV,/Satdata_Primary/nadata/DATASETS/ACSPONRT/V2.0/L3B2/STACKED_ANOMS/SST/MM_202301_202312-MONTH_00_2012_2023-ACSPO-V2.0-L3B2-NWA_SUBSET-PXY_1_1211676-SST-ANOM.SAV,/Satdata_Primary/nadata/DATASETS/ACSPONRT/V2.0/L3B2/STACKED_ANOMS/SST/,DIF,L3B2,ACSPO,SST,,M_202303,M,ANOM,STACKED_ANOMS,K,1688067437,1688150894,SHELFBREAK_40KM,SHELFBREAK_IN_40_80_KM,6062,6062,-2.672224044799805,1.469537734985352,0.7202157974243164,0.6906142737439898,0.6686439588895789,0.2518612312623975
MM_202301_202312-MONTH_00_2012_2023-ACSPO-V2.0-L3B2-NWA_SUBSET-PXY_1_1211676-SST-ANOM.SAV,/Satdata_Primary/nadata/DATASETS/ACSPONRT/V2.0/L3B2/STACKED_ANOMS/SST/MM_202301_202312-MONTH_00_2012_2023-ACSPO-V2.0-L3B2-NWA_SUBSET-PXY_1_1211676-SST-ANOM.SAV,/Satdata_Primary/nadata/DATASETS/ACSPONRT/V2.0/L3B2/STACKED_ANOMS/SST/MM_202301_202312-MONTH_00_2012_2023-ACSPO-V2.0-L3B2-NWA_SUBSET-PXY_1_1211676-SST-ANOM.SAV,/Satdata_Primary/nadata/DATASETS/ACSPONRT/V2.0/L3B2/STACKED_ANOMS/SST/,DIF,L3B2,ACSPO,SST,,M_202303,M,ANOM,STACKED_ANOMS,K,1688067437,1688150894,SHELFBREAK_40KM,SHELFBREAK_IN_0_40_KM,6885,6885,-3.773156166076660,2.559697628021240,0.6533894538879395,0.5066635016176090,0.6217419633750075,0.7548841247798599
MM_202301_202312-MONTH_00_2012_2023-ACSPO-V2.0-L3B2-NWA_SUBSET-PXY_1_1211676-SST-ANOM.SAV,/Satdata_Primary/nadata/DATASETS/ACSPONRT/V2.0/L3B2/STACKED_ANOMS/SST/MM_202301_202312-MONTH_00_2012_2023-ACSPO-V2.0-L3B2-NWA_SUBSET-PXY_1_1211676-SST-ANOM.SAV,/Satdata_Primary/nadata/DATASETS/ACSPONRT/V2.0/L3B2/STACKED_ANOMS/SST/MM_202301_202312-MONTH_00_2012_2023-ACSPO-V2.0-L3B2-NWA_SUBSET-PXY_1_1211676-SST-ANOM.SAV,/Satdata_Primary/nadata/DATASETS/ACSPONRT/V2.0/L3B2/STACKED_ANOMS/SST/,DIF,L3B2,ACSPO,SST,,M_202303,M,ANOM,STACKED_ANOMS,K,1688067437,1688150894,SHELFBREAK_40KM,SHELFBREAK_OFF_40_80_K,6207,6207,-4.058255195617676,7.961419105529785,0.5374431610107422,0.8527829397007024,1.352322448915732,2.543730324081045
MM_202301_202312-MONTH_00_2012_2023-ACSPO-V2.0-L3B2-NWA_SUBSET-PXY_1_1211676-SST-ANOM.SAV,/Satdata_Primary/nadata/DATASETS/ACSPONRT/V2.0/L3B2/STACKED_ANOMS/SST/MM_202301_202312-MONTH_00_2012_2023-ACSPO-V2.0-L3B2-NWA_SUBSET-PXY_1_1211676-SST-ANOM.SAV,/Satdata_Primary/nadata/DATASETS/ACSPONRT/V2.0/L3B2/STACKED_ANOMS/SST/MM_202301_202312-MONTH_00_2012_2023-ACSPO-V2.0-L3B2-NWA_SUBSET-PXY_1_1211676-SST-ANOM.SAV,/Satdata_Primary/nadata/DATASETS/ACSPONRT/V2.0/L3B2/STACKED_ANOMS/SST/,DIF,L3B2,ACSPO,SST,,M_202303,M,ANOM,STACKED_ANOMS,K,1688067437,1688150894,SHELFBREAK_40KM,SHELFBREAK_OFF_0_40_KM,6853,6853,-4.133304595947266,6.825576782226562,0.5832409858703613,0.5994034404217475,0.9800679975013337,1.696555302525472
MM_202301_202312-MONTH_00_2012_2023-ACSPO-V2.0-L3B2-NWA_SUBSET-PXY_1_1211676-SST-ANOM.SAV,/Satdata_Primary/nadata/DATASETS/ACSPONRT/V2.0/L3B2/STACKED_ANOMS/SST/MM_202301_202312-MONTH_00_2012_2023-ACSPO-V2.0-L3B2-NWA_SUBSET-PXY_1_1211676-SST-ANOM.SAV,/Satdata_Primary/nadata/DATASETS/ACSPONRT/V2.0/L3B2/STACKED_ANOMS/SST/MM_202301_202312-MONTH_00_2012_2023-ACSPO-V2.0-L3B2-NWA_SUBSET-PXY_1_1211676-SST-ANOM.SAV,/Satdata_Primary/nadata/DATASETS/ACSPONRT/V2.0/L3B2/STACKED_ANOMS/SST/,DIF,L3B2,ACSPO,SST,,M_202304,M,ANOM,STACKED_ANOMS,K,1688067437,1688150894,SHELFBREAK_40KM,SHELFBREAK_IN_40_80_KM,6062,6062,0.5012397766113281,3.283182144165039,1.451303482055664,1.392723634745649,1.346967779189199,0.3483892181313825
MM_202301_202312-MONTH_00_2012_2023-ACSPO-V2.0-L3B2-NWA_SUBSET-PXY_1_1211676-SST-ANOM.SAV,/Satdata_Primary/nadata/DATASETS/ACSPONRT/V2.0/L3B2/STACKED_ANOMS/SST/MM_202301_202312-MONTH_00_2012_2023-ACSPO-V2.0-L3B2-NWA_SUBSET-PXY_1_1211676-SST-ANOM.SAV,/Satdata_Primary/nadata/DATASETS/ACSPONRT/V2.0/L3B2/STACKED_ANOMS/SST/MM_202301_202312-MONTH_00_2012_2023-ACSPO-V2.0-L3B2-NWA_SUBSET-PXY_1_1211676-SST-ANOM.SAV,/Satdata_Primary/nadata/DATASETS/ACSPONRT/V2.0/L3B2/STACKED_ANOMS/SST/,DIF,L3B2,ACSPO,SST,,M_202304,M,ANOM,STACKED_ANOMS,K,1688067437,1688150894,SHELFBREAK_40KM,SHELFBREAK_IN_0_40_KM,6885,6885,-0.6599111557006836,4.220917701721191,1.184341430664062,1.183858919801622,1.074990327985040,0.6072130085201795
MM_202301_202312-MONTH_00_2012_2023-ACSPO-V2.0-L3B2-NWA_SUBSET-PXY_1_1211676-SST-ANOM.SAV,/Satdata_Primary/nadata/DATASETS/ACSPONRT/V2.0/L3B2/STACKED_ANOMS/SST/MM_202301_202312-MONTH_00_2012_2023-ACSPO-V2.0-L3B2-NWA_SUBSET-PXY_1_1211676-SST-ANOM.SAV,/Satdata_Primary/nadata/DATASETS/ACSPONRT/V2.0/L3B2/STACKED_ANOMS/SST/MM_202301_202312-MONTH_00_2012_2023-ACSPO-V2.0-L3B2-NWA_SUBSET-PXY_1_1211676-SST-ANOM.SAV,/Satdata_Primary/nadata/DATASETS/ACSPONRT/V2.0/L3B2/STACKED_ANOMS/SST/,DIF,L3B2,ACSPO,SST,,M_202304,M,ANOM,STACKED_ANOMS,K,1688067437,1688150894,SHELFBREAK_40KM,SHELFBREAK_OFF_40_80_K,6207,6207,-3.910044193267822,6.064927101135254,-0.09605693817138672,0.1338038562057443,0.8581044670989377,1.846928996812487
MM_202301_202312-MONTH_00_2012_2023-ACSPO-V2.0-L3B2-NWA_SUBSET-PXY_1_1211676-SST-ANOM.SAV,/Satdata_Primary/nadata/DATASETS/ACSPONRT/V2.0/L3B2/STACKED_ANOMS/SST/MM_202301_202312-MONTH_00_2012_2023-ACSPO-V2.0-L3B2-NWA_SUBSET-PXY_1_1211676-SST-ANOM.SAV,/Satdata_Primary/nadata/DATASETS/ACSPONRT/V2.0/L3B2/STACKED_ANOMS/SST/MM_202301_202312-MONTH_00_2012_2023-ACSPO-V2.0-L3B2-NWA_SUBSET-PXY_1_1211676-SST-ANOM.SAV,/Satdata_Primary/nadata/DATASETS/ACSPONRT/V2.0/L3B2/STACKED_ANOMS/SST/,DIF,L3B2,ACSPO,SST,,M_202304,M,ANOM,STACKED_ANOMS,K,1688067437,1688150894,SHELFBREAK_40KM,SHELFBREAK_OFF_0_40_KM,6853,6853,-3.051608562469482,5.256785392761230,0.5823888778686523,0.6558746515043318,0.8900116914360670,1.406344506373199
MM_202301_202312-MONTH_00_2012_2023-ACSPO-V2.0-L3B2-NWA_SUBSET-PXY_1_1211676-SST-ANOM.SAV,/Satdata_Primary/nadata/DATASETS/ACSPONRT/V2.0/L3B2/STACKED_ANOMS/SST/MM_202301_202312-MONTH_00_2012_2023-ACSPO-V2.0-L3B2-NWA_SUBSET-PXY_1_1211676-SST-ANOM.SAV,/Satdata_Primary/nadata/DATASETS/ACSPONRT/V2.0/L3B2/STACKED_ANOMS/SST/MM_202301_202312-MONTH_00_2012_2023-ACSPO-V2.0-L3B2-NWA_SUBSET-PXY_1_1211676-SST-ANOM.SAV,/Satdata_Primary/nadata/DATASETS/ACSPONRT/V2.0/L3B2/STACKED_ANOMS/SST/,DIF,L3B2,ACSPO,SST,,M_202305,M,ANOM,STACKED_ANOMS,K,1688067437,1688150894,SHELFBREAK_40KM,SHELFBREAK_IN_40_80_KM,6062,6062,-2.754310607910156,1.423377037048340,0.6379270553588867,0.4607139348747785,0.5682623024625960,0.6645084575420863
MM_202301_202312-MONTH_00_2012_2023-ACSPO-V2.0-L3B2-NWA_SUBSET-PXY_1_1211676-SST-ANOM.SAV,/Satdata_Primary/nadata/DATASETS/ACSPONRT/V2.0/L3B2/STACKED_ANOMS/SST/MM_202301_202312-MONTH_00_2012_2023-ACSPO-V2.0-L3B2-NWA_SUBSET-PXY_1_1211676-SST-ANOM.SAV,/Satdata_Primary/nadata/DATASETS/ACSPONRT/V2.0/L3B2/STACKED_ANOMS/SST/MM_202301_202312-MONTH_00_2012_2023-ACSPO-V2.0-L3B2-NWA_SUBSET-PXY_1_1211676-SST-ANOM.SAV,/Satdata_Primary/nadata/DATASETS/ACSPONRT/V2.0/L3B2/STACKED_ANOMS/SST/,DIF,L3B2,ACSPO,SST,,M_202305,M,ANOM,STACKED_ANOMS,K,1688067437,1688150894,SHELFBREAK_40KM,SHELFBREAK_IN_0_40_KM,6885,6885,-2.776782989501953,2.724932670593262,0.3917713165283203,0.2240521244666848,0.4680047223897485,0.8351165808422412
MM_202301_202312-MONTH_00_2012_2023-ACSPO-V2.0-L3B2-NWA_SUBSET-PXY_1_1211676-SST-ANOM.SAV,/Satdata_Primary/nadata/DATASETS/ACSPONRT/V2.0/L3B2/STACKED_ANOMS/SST/MM_202301_202312-MONTH_00_2012_2023-ACSPO-V2.0-L3B2-NWA_SUBSET-PXY_1_1211676-SST-ANOM.SAV,/Satdata_Primary/nadata/DATASETS/ACSPONRT/V2.0/L3B2/STACKED_ANOMS/SST/MM_202301_202312-MONTH_00_2012_2023-ACSPO-V2.0-L3B2-NWA_SUBSET-PXY_1_1211676-SST-ANOM.SAV,/Satdata_Primary/nadata/DATASETS/ACSPONRT/V2.0/L3B2/STACKED_ANOMS/SST/,DIF,L3B2,ACSPO,SST,,M_202305,M,ANOM,STACKED_ANOMS,K,1688067437,1688150894,SHELFBREAK_40KM,SHELFBREAK_OFF_40_80_K,6207,6207,-4.704624176025391,3.404056549072266,-1.498500823974609,-1.245859457095579,0.8975633813922742,1.838247594087839
MM_202301_202312-MONTH_00_2012_2023-ACSPO-V2.0-L3B2-NWA_SUBSET-PXY_1_1211676-SST-ANOM.SAV,/Satdata_Primary/nadata/DATASETS/ACSPONRT/V2.0/L3B2/STACKED_ANOMS/SST/MM_202301_202312-MONTH_00_2012_2023-ACSPO-V2.0-L3B2-NWA_SUBSET-PXY_1_1211676-SST-ANOM.SAV,/Satdata_Primary/nadata/DATASETS/ACSPONRT/V2.0/L3B2/STACKED_ANOMS/SST/MM_202301_202312-MONTH_00_2012_2023-ACSPO-V2.0-L3B2-NWA_SUBSET-PXY_1_1211676-SST-ANOM.SAV,/Satdata_Primary/nadata/DATASETS/ACSPONRT/V2.0/L3B2/STACKED_ANOMS/SST/,DIF,L3B2,ACSPO,SST,,M_202305,M,ANOM,STACKED_ANOMS,K,1688067437,1688150894,SHELFBREAK_40KM,SHELFBREAK_OFF_0_40_KM,6853,6853,-4.116317749023438,3.404056549072266,-0.3962535858154297,-0.4882278139010565,0.6878249202565453,1.625883187157924
MM_202301_202312-MONTH_00_2012_2023-ACSPO-V2.0-L3B2-NWA_SUBSET-PXY_1_1211676-SST-ANOM.SAV,/Satdata_Primary/nadata/DATASETS/ACSPONRT/V2.0/L3B2/STACKED_ANOMS/SST/MM_202301_202312-MONTH_00_2012_2023-ACSPO-V2.0-L3B2-NWA_SUBSET-PXY_1_1211676-SST-ANOM.SAV,/Satdata_Primary/nadata/DATASETS/ACSPONRT/V2.0/L3B2/STACKED_ANOMS/SST/MM_202301_202312-MONTH_00_2012_2023-ACSPO-V2.0-L3B2-NWA_SUBSET-PXY_1_1211676-SST-ANOM.SAV,/Satdata_Primary/nadata/DATASETS/ACSPONRT/V2.0/L3B2/STACKED_ANOMS/SST/,DIF,L3B2,ACSPO,SST,,M_202306,M,ANOM,STACKED_ANOMS,K,1688067437,1688150894,SHELFBREAK_40KM,SHELFBREAK_IN_40_80_KM,6062,6062,-2.928815841674805,2.400291442871094,-1.561900138854980,-1.189417193880651,0.2513500278173902,1.066235829473864
MM_202301_202312-MONTH_00_2012_2023-ACSPO-V2.0-L3B2-NWA_SUBSET-PXY_1_1211676-SST-ANOM.SAV,/Satdata_Primary/nadata/DATASETS/ACSPONRT/V2.0/L3B2/STACKED_ANOMS/SST/MM_202301_202312-MONTH_00_2012_2023-ACSPO-V2.0-L3B2-NWA_SUBSET-PXY_1_1211676-SST-ANOM.SAV,/Satdata_Primary/nadata/DATASETS/ACSPONRT/V2.0/L3B2/STACKED_ANOMS/SST/MM_202301_202312-MONTH_00_2012_2023-ACSPO-V2.0-L3B2-NWA_SUBSET-PXY_1_1211676-SST-ANOM.SAV,/Satdata_Primary/nadata/DATASETS/ACSPONRT/V2.0/L3B2/STACKED_ANOMS/SST/,DIF,L3B2,ACSPO,SST,,M_202306,M,ANOM,STACKED_ANOMS,K,1688067437,1688150894,SHELFBREAK_40KM,SHELFBREAK_IN_0_40_KM,6885,6885,-4.109916687011719,5.212997436523438,-1.312582015991211,-0.7995374845783175,1.012182862988274,1.592902608630500
MM_202301_202312-MONTH_00_2012_2023-ACSPO-V2.0-L3B2-NWA_SUBSET-PXY_1_1211676-SST-ANOM.SAV,/Satdata_Primary/nadata/DATASETS/ACSPONRT/V2.0/L3B2/STACKED_ANOMS/SST/MM_202301_202312-MONTH_00_2012_2023-ACSPO-V2.0-L3B2-NWA_SUBSET-PXY_1_1211676-SST-ANOM.SAV,/Satdata_Primary/nadata/DATASETS/ACSPONRT/V2.0/L3B2/STACKED_ANOMS/SST/MM_202301_202312-MONTH_00_2012_2023-ACSPO-V2.0-L3B2-NWA_SUBSET-PXY_1_1211676-SST-ANOM.SAV,/Satdata_Primary/nadata/DATASETS/ACSPONRT/V2.0/L3B2/STACKED_ANOMS/SST/,DIF,L3B2,ACSPO,SST,,M_202306,M,ANOM,STACKED_ANOMS,K,1688067437,1688150894,SHELFBREAK_40KM,SHELFBREAK_OFF_40_80_K,6207,6207,-6.087105751037598,3.971891403198242,-1.259441375732422,-1.281878696157100,1.406525104009184,2.248850785649559
MM_202301_202312-MONTH_00_2012_2023-ACSPO-V2.0-L3B2-NWA_SUBSET-PXY_1_1211676-SST-ANOM.SAV,/Satdata_Primary/nadata/DATASETS/ACSPONRT/V2.0/L3B2/STACKED_ANOMS/SST/MM_202301_202312-MONTH_00_2012_2023-ACSPO-V2.0-L3B2-NWA_SUBSET-PXY_1_1211676-SST-ANOM.SAV,/Satdata_Primary/nadata/DATASETS/ACSPONRT/V2.0/L3B2/STACKED_ANOMS/SST/MM_202301_202312-MONTH_00_2012_2023-ACSPO-V2.0-L3B2-NWA_SUBSET-PXY_1_1211676-SST-ANOM.SAV,/Satdata_Primary/nadata/DATASETS/ACSPONRT/V2.0/L3B2/STACKED_ANOMS/SST/,DIF,L3B2,ACSPO,SST,,M_202306,M,ANOM,STACKED_ANOMS,K,1688067437,1688150894,SHELFBREAK_40KM,SHELFBREAK_OFF_0_40_KM,6853,6853,-5.399204254150391,4.998384475708008,-1.340736389160156,-1.093937599413694,1.738039357320393,2.030213158815030
WW_202301_202352-WEEK_00_2012_2023-ACSPO-V2.0-L3B2-NWA_SUBSET-PXY_1_1211676-SST-ANOM.SAV,/Satdata_Primary/nadata/DATASETS/ACSPONRT/V2.0/L3B2/STACKED_ANOMS/SST/WW_202301_202352-WEEK_00_2012_2023-ACSPO-V2.0-L3B2-NWA_SUBSET-PXY_1_1211676-SST-ANOM.SAV,/Satdata_Primary/nadata/DATASETS/ACSPONRT/V2.0/L3B2/STACKED_ANOMS/SST/WW_202301_202352-WEEK_00_2012_2023-ACSPO-V2.0-L3B2-NWA_SUBSET-PXY_1_1211676-SST-ANOM.SAV,/Satdata_Primary/nadata/DATASETS/ACSPONRT/V2.0/L3B2/STACKED_ANOMS/SST/,DIF,L3B2,ACSPO,SST,,W_202301,W,ANOM,STACKED_ANOMS,K,1688067421,1688150894,SHELFBREAK_40KM,SHELFBREAK_IN_40_80_KM,6062,6062,-1.169993400573730,5.224968910217285,0.5017862319946289,0.6370917974388352,0.5740493841869130,0.9403640964290638
WW_202301_202352-WEEK_00_2012_2023-ACSPO-V2.0-L3B2-NWA_SUBSET-PXY_1_1211676-SST-ANOM.SAV,/Satdata_Primary/nadata/DATASETS/ACSPONRT/V2.0/L3B2/STACKED_ANOMS/SST/WW_202301_202352-WEEK_00_2012_2023-ACSPO-V2.0-L3B2-NWA_SUBSET-PXY_1_1211676-SST-ANOM.SAV,/Satdata_Primary/nadata/DATASETS/ACSPONRT/V2.0/L3B2/STACKED_ANOMS/SST/WW_202301_202352-WEEK_00_2012_2023-ACSPO-V2.0-L3B2-NWA_SUBSET-PXY_1_1211676-SST-ANOM.SAV,/Satdata_Primary/nadata/DATASETS/ACSPONRT/V2.0/L3B2/STACKED_ANOMS/SST/,DIF,L3B2,ACSPO,SST,,W_202301,W,ANOM,STACKED_ANOMS,K,1688067421,1688150894,SHELFBREAK_40KM,SHELFBREAK_IN_0_40_KM,6885,6885,-1.711996078491211,5.573932647705078,0.6007909774780273,0.8666804590689244,0.6673022029451547,1.165260965815864
WW_202301_202352-WEEK_00_2012_2023-ACSPO-V2.0-L3B2-NWA_SUBSET-PXY_1_1211676-SST-ANOM.SAV,/Satdata_Primary/nadata/DATASETS/ACSPONRT/V2.0/L3B2/STACKED_ANOMS/SST/WW_202301_202352-WEEK_00_2012_2023-ACSPO-V2.0-L3B2-NWA_SUBSET-PXY_1_1211676-SST-ANOM.SAV,/Satdata_Primary/nadata/DATASETS/ACSPONRT/V2.0/L3B2/STACKED_ANOMS/SST/WW_202301_202352-WEEK_00_2012_2023-ACSPO-V2.0-L3B2-NWA_SUBSET-PXY_1_1211676-SST-ANOM.SAV,/Satdata_Primary/nadata/DATASETS/ACSPONRT/V2.0/L3B2/STACKED_ANOMS/SST/,DIF,L3B2,ACSPO,SST,,W_202301,W,ANOM,STACKED_ANOMS,K,1688067421,1688150894,SHELFBREAK_40KM,SHELFBREAK_OFF_40_80_K,6207,6207,-4.864162445068359,4.254833221435547,0.6366825103759766,0.5592454649389165,0.7927287765157927,1.163043363518522
WW_202301_202352-WEEK_00_2012_2023-ACSPO-V2.0-L3B2-NWA_SUBSET-PXY_1_1211676-SST-ANOM.SAV,/Satdata_Primary/nadata/DATASETS/ACSPONRT/V2.0/L3B2/STACKED_ANOMS/SST/WW_202301_202352-WEEK_00_2012_2023-ACSPO-V2.0-L3B2-NWA_SUBSET-PXY_1_1211676-SST-ANOM.SAV,/Satdata_Primary/nadata/DATASETS/ACSPONRT/V2.0/L3B2/STACKED_ANOMS/SST/WW_202301_202352-WEEK_00_2012_2023-ACSPO-V2.0-L3B2-NWA_SUBSET-PXY_1_1211676-SST-ANOM.SAV,/Satdata_Primary/nadata/DATASETS/ACSPONRT/V2.0/L3B2/STACKED_ANOMS/SST/,DIF,L3B2,ACSPO,SST,,W_202301,W,ANOM,STACKED_ANOMS,K,1688067421,1688150894,SHELFBREAK_40KM,SHELFBREAK_OFF_0_40_KM,6853,6853,-4.288340568542480,5.376855850219727,0.8384199142456055,0.9080071060323166,0.9743107548650067,1.316064236064218
WW_202301_202352-WEEK_00_2012_2023-ACSPO-V2.0-L3B2-NWA_SUBSET-PXY_1_1211676-SST-ANOM.SAV,/Satdata_Primary/nadata/DATASETS/ACSPONRT/V2.0/L3B2/STACKED_ANOMS/SST/WW_202301_202352-WEEK_00_2012_2023-ACSPO-V2.0-L3B2-NWA_SUBSET-PXY_1_1211676-SST-ANOM.SAV,/Satdata_Primary/nadata/DATASETS/ACSPONRT/V2.0/L3B2/STACKED_ANOMS/SST/WW_202301_202352-WEEK_00_2012_2023-ACSPO-V2.0-L3B2-NWA_SUBSET-PXY_1_1211676-SST-ANOM.SAV,/Satdata_Primary/nadata/DATASETS/ACSPONRT/V2.0/L3B2/STACKED_ANOMS/SST/,DIF,L3B2,ACSPO,SST,,W_202302,W,ANOM,STACKED_ANOMS,K,1688067421,1688150894,SHELFBREAK_40KM,SHELFBREAK_IN_40_80_KM,6062,6039,-1.490550994873047,2.567475318908691,0.6549901962280273,0.7390386263529459,0.6231964300752620,0.5809413448648196
WW_202301_202352-WEEK_00_2012_2023-ACSPO-V2.0-L3B2-NWA_SUBSET-PXY_1_1211676-SST-ANOM.SAV,/Satdata_Primary/nadata/DATASETS/ACSPONRT/V2.0/L3B2/STACKED_ANOMS/SST/WW_202301_202352-WEEK_00_2012_2023-ACSPO-V2.0-L3B2-NWA_SUBSET-PXY_1_1211676-SST-ANOM.SAV,/Satdata_Primary/nadata/DATASETS/ACSPONRT/V2.0/L3B2/STACKED_ANOMS/SST/WW_202301_202352-WEEK_00_2012_2023-ACSPO-V2.0-L3B2-NWA_SUBSET-PXY_1_1211676-SST-ANOM.SAV,/Satdata_Primary/nadata/DATASETS/ACSPONRT/V2.0/L3B2/STACKED_ANOMS/SST/,DIF,L3B2,ACSPO,SST,,W_202302,W,ANOM,STACKED_ANOMS,K,1688067421,1688150894,SHELFBREAK_40KM,SHELFBREAK_IN_0_40_KM,6885,6306,-3.000553131103516,3.155828475952148,0.7785711288452148,0.8945324106364639,0.7762111028992846,0.7150713717724927
WW_202301_202352-WEEK_00_2012_2023-ACSPO-V2.0-L3B2-NWA_SUBSET-PXY_1_1211676-SST-ANOM.SAV,/Satdata_Primary/nadata/DATASETS/ACSPONRT/V2.0/L3B2/STACKED_ANOMS/SST/WW_202301_202352-WEEK_00_2012_2023-ACSPO-V2.0-L3B2-NWA_SUBSET-PXY_1_1211676-SST-ANOM.SAV,/Satdata_Primary/nadata/DATASETS/ACSPONRT/V2.0/L3B2/STACKED_ANOMS/SST/WW_202301_202352-WEEK_00_2012_2023-ACSPO-V2.0-L3B2-NWA_SUBSET-PXY_1_1211676-SST-ANOM.SAV,/Satdata_Primary/nadata/DATASETS/ACSPONRT/V2.0/L3B2/STACKED_ANOMS/SST/,DIF,L3B2,ACSPO,SST,,W_202302,W,ANOM,STACKED_ANOMS,K,1688067421,1688150894,SHELFBREAK_40KM,SHELFBREAK_OFF_40_80_K,6207,5020,-4.680168151855469,4.196476936340332,0.7402257919311523,0.5450113188223060,0.8883973691135687,1.199605867559645
WW_202301_202352-WEEK_00_2012_2023-ACSPO-V2.0-L3B2-NWA_SUBSET-PXY_1_1211676-SST-ANOM.SAV,/Satdata_Primary/nadata/DATASETS/ACSPONRT/V2.0/L3B2/STACKED_ANOMS/SST/WW_202301_202352-WEEK_00_2012_2023-ACSPO-V2.0-L3B2-NWA_SUBSET-PXY_1_1211676-SST-ANOM.SAV,/Satdata_Primary/nadata/DATASETS/ACSPONRT/V2.0/L3B2/STACKED_ANOMS/SST/WW_202301_202352-WEEK_00_2012_2023-ACSPO-V2.0-L3B2-NWA_SUBSET-PXY_1_1211676-SST-ANOM.SAV,/Satdata_Primary/nadata/DATASETS/ACSPONRT/V2.0/L3B2/STACKED_ANOMS/SST/,DIF,L3B2,ACSPO,SST,,W_202302,W,ANOM,STACKED_ANOMS,K,1688067421,1688150894,SHELFBREAK_40KM,SHELFBREAK_OFF_0_40_KM,6853,5866,-2.327565193176270,4.980710029602051,1.106967926025391,1.034803639570276,1.043076222562514,0.9411694566368769
WW_202301_202352-WEEK_00_2012_2023-ACSPO-V2.0-L3B2-NWA_SUBSET-PXY_1_1211676-SST-ANOM.SAV,/Satdata_Primary/nadata/DATASETS/ACSPONRT/V2.0/L3B2/STACKED_ANOMS/SST/WW_202301_202352-WEEK_00_2012_2023-ACSPO-V2.0-L3B2-NWA_SUBSET-PXY_1_1211676-SST-ANOM.SAV,/Satdata_Primary/nadata/DATASETS/ACSPONRT/V2.0/L3B2/STACKED_ANOMS/SST/WW_202301_202352-WEEK_00_2012_2023-ACSPO-V2.0-L3B2-NWA_SUBSET-PXY_1_1211676-SST-ANOM.SAV,/Satdata_Primary/nadata/DATASETS/ACSPONRT/V2.0/L3B2/STACKED_ANOMS/SST/,DIF,L3B2,ACSPO,SST,,W_202303,W,ANOM,STACKED_ANOMS,K,1688067421,1688150894,SHELFBREAK_40KM,SHELFBREAK_IN_40_80_KM,6062,6056,-2.552654266357422,2.425432205200195,0.8519096374511719,0.8070562113386479,0.8225873734870884,0.7335573837964227
WW_202301_202352-WEEK_00_2012_2023-ACSPO-V2.0-L3B2-NWA_SUBSET-PXY_1_1211676-SST-ANOM.SAV,/Satdata_Primary/nadata/DATASETS/ACSPONRT/V2.0/L3B2/STACKED_ANOMS/SST/WW_202301_202352-WEEK_00_2012_2023-ACSPO-V2.0-L3B2-NWA_SUBSET-PXY_1_1211676-SST-ANOM.SAV,/Satdata_Primary/nadata/DATASETS/ACSPONRT/V2.0/L3B2/STACKED_ANOMS/SST/WW_202301_202352-WEEK_00_2012_2023-ACSPO-V2.0-L3B2-NWA_SUBSET-PXY_1_1211676-SST-ANOM.SAV,/Satdata_Primary/nadata/DATASETS/ACSPONRT/V2.0/L3B2/STACKED_ANOMS/SST/,DIF,L3B2,ACSPO,SST,,W_202303,W,ANOM,STACKED_ANOMS,K,1688067421,1688150894,SHELFBREAK_40KM,SHELFBREAK_IN_0_40_KM,6885,6885,-3.376277923583984,3.490206718444824,1.032791137695312,0.9060852240546510,1.014195781025256,1.073042267300939
WW_202301_202352-WEEK_00_2012_2023-ACSPO-V2.0-L3B2-NWA_SUBSET-PXY_1_1211676-SST-ANOM.SAV,/Satdata_Primary/nadata/DATASETS/ACSPONRT/V2.0/L3B2/STACKED_ANOMS/SST/WW_202301_202352-WEEK_00_2012_2023-ACSPO-V2.0-L3B2-NWA_SUBSET-PXY_1_1211676-SST-ANOM.SAV,/Satdata_Primary/nadata/DATASETS/ACSPONRT/V2.0/L3B2/STACKED_ANOMS/SST/WW_202301_202352-WEEK_00_2012_2023-ACSPO-V2.0-L3B2-NWA_SUBSET-PXY_1_1211676-SST-ANOM.SAV,/Satdata_Primary/nadata/DATASETS/ACSPONRT/V2.0/L3B2/STACKED_ANOMS/SST/,DIF,L3B2,ACSPO,SST,,W_202303,W,ANOM,STACKED_ANOMS,K,1688067421,1688150894,SHELFBREAK_40KM,SHELFBREAK_OFF_40_80_K,6207,6106,-5.367912292480469,4.639623641967773,1.241452217102051,0.8584442927413326,1.212307016320233,1.404946175356821
WW_202301_202352-WEEK_00_2012_2023-ACSPO-V2.0-L3B2-NWA_SUBSET-PXY_1_1211676-SST-ANOM.SAV,/Satdata_Primary/nadata/DATASETS/ACSPONRT/V2.0/L3B2/STACKED_ANOMS/SST/WW_202301_202352-WEEK_00_2012_2023-ACSPO-V2.0-L3B2-NWA_SUBSET-PXY_1_1211676-SST-ANOM.SAV,/Satdata_Primary/nadata/DATASETS/ACSPONRT/V2.0/L3B2/STACKED_ANOMS/SST/WW_202301_202352-WEEK_00_2012_2023-ACSPO-V2.0-L3B2-NWA_SUBSET-PXY_1_1211676-SST-ANOM.SAV,/Satdata_Primary/nadata/DATASETS/ACSPONRT/V2.0/L3B2/STACKED_ANOMS/SST/,DIF,L3B2,ACSPO,SST,,W_202303,W,ANOM,STACKED_ANOMS,K,1688067421,1688150894,SHELFBREAK_40KM,SHELFBREAK_OFF_0_40_KM,6853,6837,-3.645914077758789,4.159908294677734,1.516571998596191,1.091429868078518,1.504901688173017,1.453514559291370
WW_202301_202352-WEEK_00_2012_2023-ACSPO-V2.0-L3B2-NWA_SUBSET-PXY_1_1211676-SST-ANOM.SAV,/Satdata_Primary/nadata/DATASETS/ACSPONRT/V2.0/L3B2/STACKED_ANOMS/SST/WW_202301_202352-WEEK_00_2012_2023-ACSPO-V2.0-L3B2-NWA_SUBSET-PXY_1_1211676-SST-ANOM.SAV,/Satdata_Primary/nadata/DATASETS/ACSPONRT/V2.0/L3B2/STACKED_ANOMS/SST/WW_202301_202352-WEEK_00_2012_2023-ACSPO-V2.0-L3B2-NWA_SUBSET-PXY_1_1211676-SST-ANOM.SAV,/Satdata_Primary/nadata/DATASETS/ACSPONRT/V2.0/L3B2/STACKED_ANOMS/SST/,DIF,L3B2,ACSPO,SST,,W_202304,W,ANOM,STACKED_ANOMS,K,1688067421,1688150894,SHELFBREAK_40KM,SHELFBREAK_IN_40_80_KM,6062,6062,-1.585502624511719,2.647549629211426,1.043330192565918,1.011218019068261,0.9703005350495658,0.5645492639710851
WW_202301_202352-WEEK_00_2012_2023-ACSPO-V2.0-L3B2-NWA_SUBSET-PXY_1_1211676-SST-ANOM.SAV,/Satdata_Primary/nadata/DATASETS/ACSPONRT/V2.0/L3B2/STACKED_ANOMS/SST/WW_202301_202352-WEEK_00_2012_2023-ACSPO-V2.0-L3B2-NWA_SUBSET-PXY_1_1211676-SST-ANOM.SAV,/Satdata_Primary/nadata/DATASETS/ACSPONRT/V2.0/L3B2/STACKED_ANOMS/SST/WW_202301_202352-WEEK_00_2012_2023-ACSPO-V2.0-L3B2-NWA_SUBSET-PXY_1_1211676-SST-ANOM.SAV,/Satdata_Primary/nadata/DATASETS/ACSPONRT/V2.0/L3B2/STACKED_ANOMS/SST/,DIF,L3B2,ACSPO,SST,,W_202304,W,ANOM,STACKED_ANOMS,K,1688067421,1688150894,SHELFBREAK_40KM,SHELFBREAK_IN_0_40_KM,6885,6885,-3.441752433776855,3.950053215026855,1.186377525329590,0.9367852934045729,1.043361603362820,0.9839298076639671
WW_202301_202352-WEEK_00_2012_2023-ACSPO-V2.0-L3B2-NWA_SUBSET-PXY_1_1211676-SST-ANOM.SAV,/Satdata_Primary/nadata/DATASETS/ACSPONRT/V2.0/L3B2/STACKED_ANOMS/SST/WW_202301_202352-WEEK_00_2012_2023-ACSPO-V2.0-L3B2-NWA_SUBSET-PXY_1_1211676-SST-ANOM.SAV,/Satdata_Primary/nadata/DATASETS/ACSPONRT/V2.0/L3B2/STACKED_ANOMS/SST/WW_202301_202352-WEEK_00_2012_2023-ACSPO-V2.0-L3B2-NWA_SUBSET-PXY_1_1211676-SST-ANOM.SAV,/Satdata_Primary/nadata/DATASETS/ACSPONRT/V2.0/L3B2/STACKED_ANOMS/SST/,DIF,L3B2,ACSPO,SST,,W_202304,W,ANOM,STACKED_ANOMS,K,1688067421,1688150894,SHELFBREAK_40KM,SHELFBREAK_OFF_40_80_K,6207,5825,-3.310365676879883,3.424874305725098,0.9553699493408203,0.8405899069135281,0.9142025012997713,0.8512786919609288
WW_202301_202352-WEEK_00_2012_2023-ACSPO-V2.0-L3B2-NWA_SUBSET-PXY_1_1211676-SST-ANOM.SAV,/Satdata_Primary/nadata/DATASETS/ACSPONRT/V2.0/L3B2/STACKED_ANOMS/SST/WW_202301_202352-WEEK_00_2012_2023-ACSPO-V2.0-L3B2-NWA_SUBSET-PXY_1_1211676-SST-ANOM.SAV,/Satdata_Primary/nadata/DATASETS/ACSPONRT/V2.0/L3B2/STACKED_ANOMS/SST/WW_202301_202352-WEEK_00_2012_2023-ACSPO-V2.0-L3B2-NWA_SUBSET-PXY_1_1211676-SST-ANOM.SAV,/Satdata_Primary/nadata/DATASETS/ACSPONRT/V2.0/L3B2/STACKED_ANOMS/SST/,DIF,L3B2,ACSPO,SST,,W_202304,W,ANOM,STACKED_ANOMS,K,1688067421,1688150894,SHELFBREAK_40KM,SHELFBREAK_OFF_0_40_KM,6853,6792,-4.678373336791992,4.004956245422363,1.022924423217773,0.7729319759476733,1.072440183881870,1.190703276161481
WW_202301_202352-WEEK_00_2012_2023-ACSPO-V2.0-L3B2-NWA_SUBSET-PXY_1_1211676-SST-ANOM.SAV,/Satdata_Primary/nadata/DATASETS/ACSPONRT/V2.0/L3B2/STACKED_ANOMS/SST/WW_202301_202352-WEEK_00_2012_2023-ACSPO-V2.0-L3B2-NWA_SUBSET-PXY_1_1211676-SST-ANOM.SAV,/Satdata_Primary/nadata/DATASETS/ACSPONRT/V2.0/L3B2/STACKED_ANOMS/SST/WW_202301_202352-WEEK_00_2012_2023-ACSPO-V2.0-L3B2-NWA_SUBSET-PXY_1_1211676-SST-ANOM.SAV,/Satdata_Primary/nadata/DATASETS/ACSPONRT/V2.0/L3B2/STACKED_ANOMS/SST/,DIF,L3B2,ACSPO,SST,,W_202305,W,ANOM,STACKED_ANOMS,K,1688067421,1688150894,SHELFBREAK_40KM,SHELFBREAK_IN_40_80_KM,6062,6062,-2.064099311828613,4.283752441406250,1.155979156494141,1.099489107654261,1.005167274217096,0.6389315878622787
WW_202301_202352-WEEK_00_2012_2023-ACSPO-V2.0-L3B2-NWA_SUBSET-PXY_1_1211676-SST-ANOM.SAV,/Satdata_Primary/nadata/DATASETS/ACSPONRT/V2.0/L3B2/STACKED_ANOMS/SST/WW_202301_202352-WEEK_00_2012_2023-ACSPO-V2.0-L3B2-NWA_SUBSET-PXY_1_1211676-SST-ANOM.SAV,/Satdata_Primary/nadata/DATASETS/ACSPONRT/V2.0/L3B2/STACKED_ANOMS/SST/WW_202301_202352-WEEK_00_2012_2023-ACSPO-V2.0-L3B2-NWA_SUBSET-PXY_1_1211676-SST-ANOM.SAV,/Satdata_Primary/nadata/DATASETS/ACSPONRT/V2.0/L3B2/STACKED_ANOMS/SST/,DIF,L3B2,ACSPO,SST,,W_202305,W,ANOM,STACKED_ANOMS,K,1688067421,1688150894,SHELFBREAK_40KM,SHELFBREAK_IN_0_40_KM,6885,6885,-2.262530326843262,6.898541450500488,1.282736301422119,1.106143989992384,1.094618791998871,0.9229119954237252
WW_202301_202352-WEEK_00_2012_2023-ACSPO-V2.0-L3B2-NWA_SUBSET-PXY_1_1211676-SST-ANOM.SAV,/Satdata_Primary/nadata/DATASETS/ACSPONRT/V2.0/L3B2/STACKED_ANOMS/SST/WW_202301_202352-WEEK_00_2012_2023-ACSPO-V2.0-L3B2-NWA_SUBSET-PXY_1_1211676-SST-ANOM.SAV,/Satdata_Primary/nadata/DATASETS/ACSPONRT/V2.0/L3B2/STACKED_ANOMS/SST/WW_202301_202352-WEEK_00_2012_2023-ACSPO-V2.0-L3B2-NWA_SUBSET-PXY_1_1211676-SST-ANOM.SAV,/Satdata_Primary/nadata/DATASETS/ACSPONRT/V2.0/L3B2/STACKED_ANOMS/SST/,DIF,L3B2,ACSPO,SST,,W_202305,W,ANOM,STACKED_ANOMS,K,1688067421,1688150894,SHELFBREAK_40KM,SHELFBREAK_OFF_40_80_K,6207,6207,-3.399443626403809,5.367107391357422,1.082873344421387,1.034354637263381,1.103383710090382,1.213982606959708
WW_202301_202352-WEEK_00_2012_2023-ACSPO-V2.0-L3B2-NWA_SUBSET-PXY_1_1211676-SST-ANOM.SAV,/Satdata_Primary/nadata/DATASETS/ACSPONRT/V2.0/L3B2/STACKED_ANOMS/SST/WW_202301_202352-WEEK_00_2012_2023-ACSPO-V2.0-L3B2-NWA_SUBSET-PXY_1_1211676-SST-ANOM.SAV,/Satdata_Primary/nadata/DATASETS/ACSPONRT/V2.0/L3B2/STACKED_ANOMS/SST/WW_202301_202352-WEEK_00_2012_2023-ACSPO-V2.0-L3B2-NWA_SUBSET-PXY_1_1211676-SST-ANOM.SAV,/Satdata_Primary/nadata/DATASETS/ACSPONRT/V2.0/L3B2/STACKED_ANOMS/SST/,DIF,L3B2,ACSPO,SST,,W_202305,W,ANOM,STACKED_ANOMS,K,1688067421,1688150894,SHELFBREAK_40KM,SHELFBREAK_OFF_0_40_KM,6853,6809,-3.418052673339844,5.114794731140137,1.207900047302246,1.133766081456064,1.145090921538430,1.068912613897924
WW_202301_202352-WEEK_00_2012_2023-ACSPO-V2.0-L3B2-NWA_SUBSET-PXY_1_1211676-SST-ANOM.SAV,/Satdata_Primary/nadata/DATASETS/ACSPONRT/V2.0/L3B2/STACKED_ANOMS/SST/WW_202301_202352-WEEK_00_2012_2023-ACSPO-V2.0-L3B2-NWA_SUBSET-PXY_1_1211676-SST-ANOM.SAV,/Satdata_Primary/nadata/DATASETS/ACSPONRT/V2.0/L3B2/STACKED_ANOMS/SST/WW_202301_202352-WEEK_00_2012_2023-ACSPO-V2.0-L3B2-NWA_SUBSET-PXY_1_1211676-SST-ANOM.SAV,/Satdata_Primary/nadata/DATASETS/ACSPONRT/V2.0/L3B2/STACKED_ANOMS/SST/,DIF,L3B2,ACSPO,SST,,W_202306,W,ANOM,STACKED_ANOMS,K,1688067421,1688150894,SHELFBREAK_40KM,SHELFBREAK_IN_40_80_KM,6062,6062,-0.1098651885986328,11.52727222442627,0.9477944374084473,1.000447201673759,0.8429112185287685,0.9249307760017422
WW_202301_202352-WEEK_00_2012_2023-ACSPO-V2.0-L3B2-NWA_SUBSET-PXY_1_1211676-SST-ANOM.SAV,/Satdata_Primary/nadata/DATASETS/ACSPONRT/V2.0/L3B2/STACKED_ANOMS/SST/WW_202301_202352-WEEK_00_2012_2023-ACSPO-V2.0-L3B2-NWA_SUBSET-PXY_1_1211676-SST-ANOM.SAV,/Satdata_Primary/nadata/DATASETS/ACSPONRT/V2.0/L3B2/STACKED_ANOMS/SST/WW_202301_202352-WEEK_00_2012_2023-ACSPO-V2.0-L3B2-NWA_SUBSET-PXY_1_1211676-SST-ANOM.SAV,/Satdata_Primary/nadata/DATASETS/ACSPONRT/V2.0/L3B2/STACKED_ANOMS/SST/,DIF,L3B2,ACSPO,SST,,W_202306,W,ANOM,STACKED_ANOMS,K,1688067421,1688150894,SHELFBREAK_40KM,SHELFBREAK_IN_0_40_KM,6885,6885,-0.9411249160766602,10.52237987518311,1.125304222106934,1.221515315671545,1.009701944526343,1.104815495541860
WW_202301_202352-WEEK_00_2012_2023-ACSPO-V2.0-L3B2-NWA_SUBSET-PXY_1_1211676-SST-ANOM.SAV,/Satdata_Primary/nadata/DATASETS/ACSPONRT/V2.0/L3B2/STACKED_ANOMS/SST/WW_202301_202352-WEEK_00_2012_2023-ACSPO-V2.0-L3B2-NWA_SUBSET-PXY_1_1211676-SST-ANOM.SAV,/Satdata_Primary/nadata/DATASETS/ACSPONRT/V2.0/L3B2/STACKED_ANOMS/SST/WW_202301_202352-WEEK_00_2012_2023-ACSPO-V2.0-L3B2-NWA_SUBSET-PXY_1_1211676-SST-ANOM.SAV,/Satdata_Primary/nadata/DATASETS/ACSPONRT/V2.0/L3B2/STACKED_ANOMS/SST/,DIF,L3B2,ACSPO,SST,,W_202306,W,ANOM,STACKED_ANOMS,K,1688067421,1688150894,SHELFBREAK_40KM,SHELFBREAK_OFF_40_80_K,6207,6207,-2.575150489807129,6.720483779907227,0.8832912445068359,1.221830339003093,1.219415552441079,1.627602060000916
WW_202301_202352-WEEK_00_2012_2023-ACSPO-V2.0-L3B2-NWA_SUBSET-PXY_1_1211676-SST-ANOM.SAV,/Satdata_Primary/nadata/DATASETS/ACSPONRT/V2.0/L3B2/STACKED_ANOMS/SST/WW_202301_202352-WEEK_00_2012_2023-ACSPO-V2.0-L3B2-NWA_SUBSET-PXY_1_1211676-SST-ANOM.SAV,/Satdata_Primary/nadata/DATASETS/ACSPONRT/V2.0/L3B2/STACKED_ANOMS/SST/WW_202301_202352-WEEK_00_2012_2023-ACSPO-V2.0-L3B2-NWA_SUBSET-PXY_1_1211676-SST-ANOM.SAV,/Satdata_Primary/nadata/DATASETS/ACSPONRT/V2.0/L3B2/STACKED_ANOMS/SST/,DIF,L3B2,ACSPO,SST,,W_202306,W,ANOM,STACKED_ANOMS,K,1688067421,1688150894,SHELFBREAK_40KM,SHELFBREAK_OFF_0_40_KM,6853,6853,-3.393041610717773,7.077334403991699,1.183224678039551,1.323215229605543,1.096488894372497,1.235264053882648
WW_202301_202352-WEEK_00_2012_2023-ACSPO-V2.0-L3B2-NWA_SUBSET-PXY_1_1211676-SST-ANOM.SAV,/Satdata_Primary/nadata/DATASETS/ACSPONRT/V2.0/L3B2/STACKED_ANOMS/SST/WW_202301_202352-WEEK_00_2012_2023-ACSPO-V2.0-L3B2-NWA_SUBSET-PXY_1_1211676-SST-ANOM.SAV,/Satdata_Primary/nadata/DATASETS/ACSPONRT/V2.0/L3B2/STACKED_ANOMS/SST/WW_202301_202352-WEEK_00_2012_2023-ACSPO-V2.0-L3B2-NWA_SUBSET-PXY_1_1211676-SST-ANOM.SAV,/Satdata_Primary/nadata/DATASETS/ACSPONRT/V2.0/L3B2/STACKED_ANOMS/SST/,DIF,L3B2,ACSPO,SST,,W_202307,W,ANOM,STACKED_ANOMS,K,1688067421,1688150894,SHELFBREAK_40KM,SHELFBREAK_IN_40_80_KM,6062,6044,-1.369242668151855,10.30052185058594,1.176762104034424,1.234156530397290,1.159936062596041,0.4577917168872304
WW_202301_202352-WEEK_00_2012_2023-ACSPO-V2.0-L3B2-NWA_SUBSET-PXY_1_1211676-SST-ANOM.SAV,/Satdata_Primary/nadata/DATASETS/ACSPONRT/V2.0/L3B2/STACKED_ANOMS/SST/WW_202301_202352-WEEK_00_2012_2023-ACSPO-V2.0-L3B2-NWA_SUBSET-PXY_1_1211676-SST-ANOM.SAV,/Satdata_Primary/nadata/DATASETS/ACSPONRT/V2.0/L3B2/STACKED_ANOMS/SST/WW_202301_202352-WEEK_00_2012_2023-ACSPO-V2.0-L3B2-NWA_SUBSET-PXY_1_1211676-SST-ANOM.SAV,/Satdata_Primary/nadata/DATASETS/ACSPONRT/V2.0/L3B2/STACKED_ANOMS/SST/,DIF,L3B2,ACSPO,SST,,W_202307,W,ANOM,STACKED_ANOMS,K,1688067421,1688150894,SHELFBREAK_40KM,SHELFBREAK_IN_0_40_KM,6885,6877,-1.442788124084473,5.519925117492676,1.195491790771484,1.260293133022724,1.047896341916807,0.8005982068252668
WW_202301_202352-WEEK_00_2012_2023-ACSPO-V2.0-L3B2-NWA_SUBSET-PXY_1_1211676-SST-ANOM.SAV,/Satdata_Primary/nadata/DATASETS/ACSPONRT/V2.0/L3B2/STACKED_ANOMS/SST/WW_202301_202352-WEEK_00_2012_2023-ACSPO-V2.0-L3B2-NWA_SUBSET-PXY_1_1211676-SST-ANOM.SAV,/Satdata_Primary/nadata/DATASETS/ACSPONRT/V2.0/L3B2/STACKED_ANOMS/SST/WW_202301_202352-WEEK_00_2012_2023-ACSPO-V2.0-L3B2-NWA_SUBSET-PXY_1_1211676-SST-ANOM.SAV,/Satdata_Primary/nadata/DATASETS/ACSPONRT/V2.0/L3B2/STACKED_ANOMS/SST/,DIF,L3B2,ACSPO,SST,,W_202307,W,ANOM,STACKED_ANOMS,K,1688067421,1688150894,SHELFBREAK_40KM,SHELFBREAK_OFF_40_80_K,6207,6207,-2.699552059173584,6.500074386596680,0.6779155731201172,1.145963178158037,1.110408721769506,1.746681246161132
WW_202301_202352-WEEK_00_2012_2023-ACSPO-V2.0-L3B2-NWA_SUBSET-PXY_1_1211676-SST-ANOM.SAV,/Satdata_Primary/nadata/DATASETS/ACSPONRT/V2.0/L3B2/STACKED_ANOMS/SST/WW_202301_202352-WEEK_00_2012_2023-ACSPO-V2.0-L3B2-NWA_SUBSET-PXY_1_1211676-SST-ANOM.SAV,/Satdata_Primary/nadata/DATASETS/ACSPONRT/V2.0/L3B2/STACKED_ANOMS/SST/WW_202301_202352-WEEK_00_2012_2023-ACSPO-V2.0-L3B2-NWA_SUBSET-PXY_1_1211676-SST-ANOM.SAV,/Satdata_Primary/nadata/DATASETS/ACSPONRT/V2.0/L3B2/STACKED_ANOMS/SST/,DIF,L3B2,ACSPO,SST,,W_202307,W,ANOM,STACKED_ANOMS,K,1688067421,1688150894,SHELFBREAK_40KM,SHELFBREAK_OFF_0_40_KM,6853,6843,-1.868254661560059,5.585457801818848,0.9259738922119141,1.244981618577689,1.030650759129731,1.268654665112561
WW_202301_202352-WEEK_00_2012_2023-ACSPO-V2.0-L3B2-NWA_SUBSET-PXY_1_1211676-SST-ANOM.SAV,/Satdata_Primary/nadata/DATASETS/ACSPONRT/V2.0/L3B2/STACKED_ANOMS/SST/WW_202301_202352-WEEK_00_2012_2023-ACSPO-V2.0-L3B2-NWA_SUBSET-PXY_1_1211676-SST-ANOM.SAV,/Satdata_Primary/nadata/DATASETS/ACSPONRT/V2.0/L3B2/STACKED_ANOMS/SST/WW_202301_202352-WEEK_00_2012_2023-ACSPO-V2.0-L3B2-NWA_SUBSET-PXY_1_1211676-SST-ANOM.SAV,/Satdata_Primary/nadata/DATASETS/ACSPONRT/V2.0/L3B2/STACKED_ANOMS/SST/,DIF,L3B2,ACSPO,SST,,W_202308,W,ANOM,STACKED_ANOMS,K,1688067421,1688150894,SHELFBREAK_40KM,SHELFBREAK_IN_40_80_KM,6062,6062,-0.5347957611083984,3.610604286193848,1.205849647521973,1.277713887803982,1.162283436648880,0.5386998230453073
WW_202301_202352-WEEK_00_2012_2023-ACSPO-V2.0-L3B2-NWA_SUBSET-PXY_1_1211676-SST-ANOM.SAV,/Satdata_Primary/nadata/DATASETS/ACSPONRT/V2.0/L3B2/STACKED_ANOMS/SST/WW_202301_202352-WEEK_00_2012_2023-ACSPO-V2.0-L3B2-NWA_SUBSET-PXY_1_1211676-SST-ANOM.SAV,/Satdata_Primary/nadata/DATASETS/ACSPONRT/V2.0/L3B2/STACKED_ANOMS/SST/WW_202301_202352-WEEK_00_2012_2023-ACSPO-V2.0-L3B2-NWA_SUBSET-PXY_1_1211676-SST-ANOM.SAV,/Satdata_Primary/nadata/DATASETS/ACSPONRT/V2.0/L3B2/STACKED_ANOMS/SST/,DIF,L3B2,ACSPO,SST,,W_202308,W,ANOM,STACKED_ANOMS,K,1688067421,1688150894,SHELFBREAK_40KM,SHELFBREAK_IN_0_40_KM,6885,6885,-1.270492553710938,4.134909629821777,0.9290232658386230,0.9389499912248112,0.8483194861436096,0.8260638896137942
WW_202301_202352-WEEK_00_2012_2023-ACSPO-V2.0-L3B2-NWA_SUBSET-PXY_1_1211676-SST-ANOM.SAV,/Satdata_Primary/nadata/DATASETS/ACSPONRT/V2.0/L3B2/STACKED_ANOMS/SST/WW_202301_202352-WEEK_00_2012_2023-ACSPO-V2.0-L3B2-NWA_SUBSET-PXY_1_1211676-SST-ANOM.SAV,/Satdata_Primary/nadata/DATASETS/ACSPONRT/V2.0/L3B2/STACKED_ANOMS/SST/WW_202301_202352-WEEK_00_2012_2023-ACSPO-V2.0-L3B2-NWA_SUBSET-PXY_1_1211676-SST-ANOM.SAV,/Satdata_Primary/nadata/DATASETS/ACSPONRT/V2.0/L3B2/STACKED_ANOMS/SST/,DIF,L3B2,ACSPO,SST,,W_202308,W,ANOM,STACKED_ANOMS,K,1688067421,1688150894,SHELFBREAK_40KM,SHELFBREAK_OFF_40_80_K,6207,6199,-6.012528419494629,4.098136901855469,0.6181678771972656,0.5709276243186147,0.9673504268281966,1.439153322692032
WW_202301_202352-WEEK_00_2012_2023-ACSPO-V2.0-L3B2-NWA_SUBSET-PXY_1_1211676-SST-ANOM.SAV,/Satdata_Primary/nadata/DATASETS/ACSPONRT/V2.0/L3B2/STACKED_ANOMS/SST/WW_202301_202352-WEEK_00_2012_2023-ACSPO-V2.0-L3B2-NWA_SUBSET-PXY_1_1211676-SST-ANOM.SAV,/Satdata_Primary/nadata/DATASETS/ACSPONRT/V2.0/L3B2/STACKED_ANOMS/SST/WW_202301_202352-WEEK_00_2012_2023-ACSPO-V2.0-L3B2-NWA_SUBSET-PXY_1_1211676-SST-ANOM.SAV,/Satdata_Primary/nadata/DATASETS/ACSPONRT/V2.0/L3B2/STACKED_ANOMS/SST/,DIF,L3B2,ACSPO,SST,,W_202308,W,ANOM,STACKED_ANOMS,K,1688067421,1688150894,SHELFBREAK_40KM,SHELFBREAK_OFF_0_40_KM,6853,6853,-3.318606376647949,4.194129943847656,0.4011583328247070,0.6097123695606214,0.8893816379599385,1.352524558595700
WW_202301_202352-WEEK_00_2012_2023-ACSPO-V2.0-L3B2-NWA_SUBSET-PXY_1_1211676-SST-ANOM.SAV,/Satdata_Primary/nadata/DATASETS/ACSPONRT/V2.0/L3B2/STACKED_ANOMS/SST/WW_202301_202352-WEEK_00_2012_2023-ACSPO-V2.0-L3B2-NWA_SUBSET-PXY_1_1211676-SST-ANOM.SAV,/Satdata_Primary/nadata/DATASETS/ACSPONRT/V2.0/L3B2/STACKED_ANOMS/SST/WW_202301_202352-WEEK_00_2012_2023-ACSPO-V2.0-L3B2-NWA_SUBSET-PXY_1_1211676-SST-ANOM.SAV,/Satdata_Primary/nadata/DATASETS/ACSPONRT/V2.0/L3B2/STACKED_ANOMS/SST/,DIF,L3B2,ACSPO,SST,,W_202309,W,ANOM,STACKED_ANOMS,K,1688067421,1688150894,SHELFBREAK_40KM,SHELFBREAK_IN_40_80_KM,6062,6015,-4.930764198303223,2.426262378692627,1.006552219390869,1.048184133230005,0.9880445234371426,0.5168866746929791
WW_202301_202352-WEEK_00_2012_2023-ACSPO-V2.0-L3B2-NWA_SUBSET-PXY_1_1211676-SST-ANOM.SAV,/Satdata_Primary/nadata/DATASETS/ACSPONRT/V2.0/L3B2/STACKED_ANOMS/SST/WW_202301_202352-WEEK_00_2012_2023-ACSPO-V2.0-L3B2-NWA_SUBSET-PXY_1_1211676-SST-ANOM.SAV,/Satdata_Primary/nadata/DATASETS/ACSPONRT/V2.0/L3B2/STACKED_ANOMS/SST/WW_202301_202352-WEEK_00_2012_2023-ACSPO-V2.0-L3B2-NWA_SUBSET-PXY_1_1211676-SST-ANOM.SAV,/Satdata_Primary/nadata/DATASETS/ACSPONRT/V2.0/L3B2/STACKED_ANOMS/SST/,DIF,L3B2,ACSPO,SST,,W_202309,W,ANOM,STACKED_ANOMS,K,1688067421,1688150894,SHELFBREAK_40KM,SHELFBREAK_IN_0_40_KM,6885,6778,-7.725914001464844,7.637791156768799,0.9958696365356445,1.030319146963656,1.105733907545292,1.625442906721125
WW_202301_202352-WEEK_00_2012_2023-ACSPO-V2.0-L3B2-NWA_SUBSET-PXY_1_1211676-SST-ANOM.SAV,/Satdata_Primary/nadata/DATASETS/ACSPONRT/V2.0/L3B2/STACKED_ANOMS/SST/WW_202301_202352-WEEK_00_2012_2023-ACSPO-V2.0-L3B2-NWA_SUBSET-PXY_1_1211676-SST-ANOM.SAV,/Satdata_Primary/nadata/DATASETS/ACSPONRT/V2.0/L3B2/STACKED_ANOMS/SST/WW_202301_202352-WEEK_00_2012_2023-ACSPO-V2.0-L3B2-NWA_SUBSET-PXY_1_1211676-SST-ANOM.SAV,/Satdata_Primary/nadata/DATASETS/ACSPONRT/V2.0/L3B2/STACKED_ANOMS/SST/,DIF,L3B2,ACSPO,SST,,W_202309,W,ANOM,STACKED_ANOMS,K,1688067421,1688150894,SHELFBREAK_40KM,SHELFBREAK_OFF_40_80_K,6207,5440,-3.847448348999023,5.357866287231445,0.6612548828125000,0.7888214755584212,1.106145356830540,1.467373593784943
WW_202301_202352-WEEK_00_2012_2023-ACSPO-V2.0-L3B2-NWA_SUBSET-PXY_1_1211676-SST-ANOM.SAV,/Satdata_Primary/nadata/DATASETS/ACSPONRT/V2.0/L3B2/STACKED_ANOMS/SST/WW_202301_202352-WEEK_00_2012_2023-ACSPO-V2.0-L3B2-NWA_SUBSET-PXY_1_1211676-SST-ANOM.SAV,/Satdata_Primary/nadata/DATASETS/ACSPONRT/V2.0/L3B2/STACKED_ANOMS/SST/WW_202301_202352-WEEK_00_2012_2023-ACSPO-V2.0-L3B2-NWA_SUBSET-PXY_1_1211676-SST-ANOM.SAV,/Satdata_Primary/nadata/DATASETS/ACSPONRT/V2.0/L3B2/STACKED_ANOMS/SST/,DIF,L3B2,ACSPO,SST,,W_202309,W,ANOM,STACKED_ANOMS,K,1688067421,1688150894,SHELFBREAK_40KM,SHELFBREAK_OFF_0_40_KM,6853,6525,-7.725914001464844,6.772010803222656,0.9661369323730469,1.331567253317413,1.277439712012409,2.093461519273674
WW_202301_202352-WEEK_00_2012_2023-ACSPO-V2.0-L3B2-NWA_SUBSET-PXY_1_1211676-SST-ANOM.SAV,/Satdata_Primary/nadata/DATASETS/ACSPONRT/V2.0/L3B2/STACKED_ANOMS/SST/WW_202301_202352-WEEK_00_2012_2023-ACSPO-V2.0-L3B2-NWA_SUBSET-PXY_1_1211676-SST-ANOM.SAV,/Satdata_Primary/nadata/DATASETS/ACSPONRT/V2.0/L3B2/STACKED_ANOMS/SST/WW_202301_202352-WEEK_00_2012_2023-ACSPO-V2.0-L3B2-NWA_SUBSET-PXY_1_1211676-SST-ANOM.SAV,/Satdata_Primary/nadata/DATASETS/ACSPONRT/V2.0/L3B2/STACKED_ANOMS/SST/,DIF,L3B2,ACSPO,SST,,W_202310,W,ANOM,STACKED_ANOMS,K,1688067421,1688150894,SHELFBREAK_40KM,SHELFBREAK_IN_40_80_KM,6062,6062,-3.063032150268555,2.330283164978027,0.9218997955322266,0.9431627755588291,0.8936995100898414,0.3793674949462567
WW_202301_202352-WEEK_00_2012_2023-ACSPO-V2.0-L3B2-NWA_SUBSET-PXY_1_1211676-SST-ANOM.SAV,/Satdata_Primary/nadata/DATASETS/ACSPONRT/V2.0/L3B2/STACKED_ANOMS/SST/WW_202301_202352-WEEK_00_2012_2023-ACSPO-V2.0-L3B2-NWA_SUBSET-PXY_1_1211676-SST-ANOM.SAV,/Satdata_Primary/nadata/DATASETS/ACSPONRT/V2.0/L3B2/STACKED_ANOMS/SST/WW_202301_202352-WEEK_00_2012_2023-ACSPO-V2.0-L3B2-NWA_SUBSET-PXY_1_1211676-SST-ANOM.SAV,/Satdata_Primary/nadata/DATASETS/ACSPONRT/V2.0/L3B2/STACKED_ANOMS/SST/,DIF,L3B2,ACSPO,SST,,W_202310,W,ANOM,STACKED_ANOMS,K,1688067421,1688150894,SHELFBREAK_40KM,SHELFBREAK_IN_0_40_KM,6885,6885,-5.181246757507324,5.832544326782227,0.8002347946166992,0.8057870650862816,0.8223699789618075,1.066927468518597
WW_202301_202352-WEEK_00_2012_2023-ACSPO-V2.0-L3B2-NWA_SUBSET-PXY_1_1211676-SST-ANOM.SAV,/Satdata_Primary/nadata/DATASETS/ACSPONRT/V2.0/L3B2/STACKED_ANOMS/SST/WW_202301_202352-WEEK_00_2012_2023-ACSPO-V2.0-L3B2-NWA_SUBSET-PXY_1_1211676-SST-ANOM.SAV,/Satdata_Primary/nadata/DATASETS/ACSPONRT/V2.0/L3B2/STACKED_ANOMS/SST/WW_202301_202352-WEEK_00_2012_2023-ACSPO-V2.0-L3B2-NWA_SUBSET-PXY_1_1211676-SST-ANOM.SAV,/Satdata_Primary/nadata/DATASETS/ACSPONRT/V2.0/L3B2/STACKED_ANOMS/SST/,DIF,L3B2,ACSPO,SST,,W_202310,W,ANOM,STACKED_ANOMS,K,1688067421,1688150894,SHELFBREAK_40KM,SHELFBREAK_OFF_40_80_K,6207,5993,-5.828350067138672,7.434143066406250,0.9990177154541016,0.6280965882232427,1.475513089342575,2.101230634233521
WW_202301_202352-WEEK_00_2012_2023-ACSPO-V2.0-L3B2-NWA_SUBSET-PXY_1_1211676-SST-ANOM.SAV,/Satdata_Primary/nadata/DATASETS/ACSPONRT/V2.0/L3B2/STACKED_ANOMS/SST/WW_202301_202352-WEEK_00_2012_2023-ACSPO-V2.0-L3B2-NWA_SUBSET-PXY_1_1211676-SST-ANOM.SAV,/Satdata_Primary/nadata/DATASETS/ACSPONRT/V2.0/L3B2/STACKED_ANOMS/SST/WW_202301_202352-WEEK_00_2012_2023-ACSPO-V2.0-L3B2-NWA_SUBSET-PXY_1_1211676-SST-ANOM.SAV,/Satdata_Primary/nadata/DATASETS/ACSPONRT/V2.0/L3B2/STACKED_ANOMS/SST/,DIF,L3B2,ACSPO,SST,,W_202310,W,ANOM,STACKED_ANOMS,K,1688067421,1688150894,SHELFBREAK_40KM,SHELFBREAK_OFF_0_40_KM,6853,6836,-6.064733505249023,5.832544326782227,1.125274181365967,1.156283144507232,1.717717911972184,2.183934424271025
WW_202301_202352-WEEK_00_2012_2023-ACSPO-V2.0-L3B2-NWA_SUBSET-PXY_1_1211676-SST-ANOM.SAV,/Satdata_Primary/nadata/DATASETS/ACSPONRT/V2.0/L3B2/STACKED_ANOMS/SST/WW_202301_202352-WEEK_00_2012_2023-ACSPO-V2.0-L3B2-NWA_SUBSET-PXY_1_1211676-SST-ANOM.SAV,/Satdata_Primary/nadata/DATASETS/ACSPONRT/V2.0/L3B2/STACKED_ANOMS/SST/WW_202301_202352-WEEK_00_2012_2023-ACSPO-V2.0-L3B2-NWA_SUBSET-PXY_1_1211676-SST-ANOM.SAV,/Satdata_Primary/nadata/DATASETS/ACSPONRT/V2.0/L3B2/STACKED_ANOMS/SST/,DIF,L3B2,ACSPO,SST,,W_202311,W,ANOM,STACKED_ANOMS,K,1688067421,1688150894,SHELFBREAK_40KM,SHELFBREAK_IN_40_80_KM,6062,6062,-5.646316528320312,2.156686782836914,0.5375261306762695,0.4464720914325317,0.4922180028114838,0.5401765137970042
WW_202301_202352-WEEK_00_2012_2023-ACSPO-V2.0-L3B2-NWA_SUBSET-PXY_1_1211676-SST-ANOM.SAV,/Satdata_Primary/nadata/DATASETS/ACSPONRT/V2.0/L3B2/STACKED_ANOMS/SST/WW_202301_202352-WEEK_00_2012_2023-ACSPO-V2.0-L3B2-NWA_SUBSET-PXY_1_1211676-SST-ANOM.SAV,/Satdata_Primary/nadata/DATASETS/ACSPONRT/V2.0/L3B2/STACKED_ANOMS/SST/WW_202301_202352-WEEK_00_2012_2023-ACSPO-V2.0-L3B2-NWA_SUBSET-PXY_1_1211676-SST-ANOM.SAV,/Satdata_Primary/nadata/DATASETS/ACSPONRT/V2.0/L3B2/STACKED_ANOMS/SST/,DIF,L3B2,ACSPO,SST,,W_202311,W,ANOM,STACKED_ANOMS,K,1688067421,1688150894,SHELFBREAK_40KM,SHELFBREAK_IN_0_40_KM,6885,6885,-8.241282463073730,4.465456008911133,0.4921998977661133,0.3248672887737022,0.5775267919365574,1.213658904217985
WW_202301_202352-WEEK_00_2012_2023-ACSPO-V2.0-L3B2-NWA_SUBSET-PXY_1_1211676-SST-ANOM.SAV,/Satdata_Primary/nadata/DATASETS/ACSPONRT/V2.0/L3B2/STACKED_ANOMS/SST/WW_202301_202352-WEEK_00_2012_2023-ACSPO-V2.0-L3B2-NWA_SUBSET-PXY_1_1211676-SST-ANOM.SAV,/Satdata_Primary/nadata/DATASETS/ACSPONRT/V2.0/L3B2/STACKED_ANOMS/SST/WW_202301_202352-WEEK_00_2012_2023-ACSPO-V2.0-L3B2-NWA_SUBSET-PXY_1_1211676-SST-ANOM.SAV,/Satdata_Primary/nadata/DATASETS/ACSPONRT/V2.0/L3B2/STACKED_ANOMS/SST/,DIF,L3B2,ACSPO,SST,,W_202311,W,ANOM,STACKED_ANOMS,K,1688067421,1688150894,SHELFBREAK_40KM,SHELFBREAK_OFF_40_80_K,6207,6166,-7.700902938842773,8.419901847839355,0.8440523147583008,1.241381535234677,1.556499506196410,2.996854652582402
WW_202301_202352-WEEK_00_2012_2023-ACSPO-V2.0-L3B2-NWA_SUBSET-PXY_1_1211676-SST-ANOM.SAV,/Satdata_Primary/nadata/DATASETS/ACSPONRT/V2.0/L3B2/STACKED_ANOMS/SST/WW_202301_202352-WEEK_00_2012_2023-ACSPO-V2.0-L3B2-NWA_SUBSET-PXY_1_1211676-SST-ANOM.SAV,/Satdata_Primary/nadata/DATASETS/ACSPONRT/V2.0/L3B2/STACKED_ANOMS/SST/WW_202301_202352-WEEK_00_2012_2023-ACSPO-V2.0-L3B2-NWA_SUBSET-PXY_1_1211676-SST-ANOM.SAV,/Satdata_Primary/nadata/DATASETS/ACSPONRT/V2.0/L3B2/STACKED_ANOMS/SST/,DIF,L3B2,ACSPO,SST,,W_202311,W,ANOM,STACKED_ANOMS,K,1688067421,1688150894,SHELFBREAK_40KM,SHELFBREAK_OFF_0_40_KM,6853,6797,-7.906129837036133,8.887576103210449,0.5992078781127930,0.7191969875870547,1.134581134106076,2.220897444208505
WW_202301_202352-WEEK_00_2012_2023-ACSPO-V2.0-L3B2-NWA_SUBSET-PXY_1_1211676-SST-ANOM.SAV,/Satdata_Primary/nadata/DATASETS/ACSPONRT/V2.0/L3B2/STACKED_ANOMS/SST/WW_202301_202352-WEEK_00_2012_2023-ACSPO-V2.0-L3B2-NWA_SUBSET-PXY_1_1211676-SST-ANOM.SAV,/Satdata_Primary/nadata/DATASETS/ACSPONRT/V2.0/L3B2/STACKED_ANOMS/SST/WW_202301_202352-WEEK_00_2012_2023-ACSPO-V2.0-L3B2-NWA_SUBSET-PXY_1_1211676-SST-ANOM.SAV,/Satdata_Primary/nadata/DATASETS/ACSPONRT/V2.0/L3B2/STACKED_ANOMS/SST/,DIF,L3B2,ACSPO,SST,,W_202312,W,ANOM,STACKED_ANOMS,K,1688067421,1688150894,SHELFBREAK_40KM,SHELFBREAK_IN_40_80_KM,6062,6062,-0.8686857223510742,3.770219802856445,0.4368848800659180,0.4473701792162899,0.4055464693940496,0.3904248924818762
WW_202301_202352-WEEK_00_2012_2023-ACSPO-V2.0-L3B2-NWA_SUBSET-PXY_1_1211676-SST-ANOM.SAV,/Satdata_Primary/nadata/DATASETS/ACSPONRT/V2.0/L3B2/STACKED_ANOMS/SST/WW_202301_202352-WEEK_00_2012_2023-ACSPO-V2.0-L3B2-NWA_SUBSET-PXY_1_1211676-SST-ANOM.SAV,/Satdata_Primary/nadata/DATASETS/ACSPONRT/V2.0/L3B2/STACKED_ANOMS/SST/WW_202301_202352-WEEK_00_2012_2023-ACSPO-V2.0-L3B2-NWA_SUBSET-PXY_1_1211676-SST-ANOM.SAV,/Satdata_Primary/nadata/DATASETS/ACSPONRT/V2.0/L3B2/STACKED_ANOMS/SST/,DIF,L3B2,ACSPO,SST,,W_202312,W,ANOM,STACKED_ANOMS,K,1688067421,1688150894,SHELFBREAK_40KM,SHELFBREAK_IN_0_40_KM,6885,6885,-5.252668380737305,3.770219802856445,0.3274059295654297,0.2540600896487655,0.4401024669710847,0.6770088420454128
WW_202301_202352-WEEK_00_2012_2023-ACSPO-V2.0-L3B2-NWA_SUBSET-PXY_1_1211676-SST-ANOM.SAV,/Satdata_Primary/nadata/DATASETS/ACSPONRT/V2.0/L3B2/STACKED_ANOMS/SST/WW_202301_202352-WEEK_00_2012_2023-ACSPO-V2.0-L3B2-NWA_SUBSET-PXY_1_1211676-SST-ANOM.SAV,/Satdata_Primary/nadata/DATASETS/ACSPONRT/V2.0/L3B2/STACKED_ANOMS/SST/WW_202301_202352-WEEK_00_2012_2023-ACSPO-V2.0-L3B2-NWA_SUBSET-PXY_1_1211676-SST-ANOM.SAV,/Satdata_Primary/nadata/DATASETS/ACSPONRT/V2.0/L3B2/STACKED_ANOMS/SST/,DIF,L3B2,ACSPO,SST,,W_202312,W,ANOM,STACKED_ANOMS,K,1688067421,1688150894,SHELFBREAK_40KM,SHELFBREAK_OFF_40_80_K,6207,6180,-6.528605461120605,8.552187919616699,0.1127185821533203,0.8539844322358906,1.565420397332214,3.167030422284710
WW_202301_202352-WEEK_00_2012_2023-ACSPO-V2.0-L3B2-NWA_SUBSET-PXY_1_1211676-SST-ANOM.SAV,/Satdata_Primary/nadata/DATASETS/ACSPONRT/V2.0/L3B2/STACKED_ANOMS/SST/WW_202301_202352-WEEK_00_2012_2023-ACSPO-V2.0-L3B2-NWA_SUBSET-PXY_1_1211676-SST-ANOM.SAV,/Satdata_Primary/nadata/DATASETS/ACSPONRT/V2.0/L3B2/STACKED_ANOMS/SST/WW_202301_202352-WEEK_00_2012_2023-ACSPO-V2.0-L3B2-NWA_SUBSET-PXY_1_1211676-SST-ANOM.SAV,/Satdata_Primary/nadata/DATASETS/ACSPONRT/V2.0/L3B2/STACKED_ANOMS/SST/,DIF,L3B2,ACSPO,SST,,W_202312,W,ANOM,STACKED_ANOMS,K,1688067421,1688150894,SHELFBREAK_40KM,SHELFBREAK_OFF_0_40_KM,6853,6706,-5.984273910522461,8.294703483581543,-0.2191638946533203,-0.07677088969862358,0.6781943262173123,1.923529787977958
WW_202301_202352-WEEK_00_2012_2023-ACSPO-V2.0-L3B2-NWA_SUBSET-PXY_1_1211676-SST-ANOM.SAV,/Satdata_Primary/nadata/DATASETS/ACSPONRT/V2.0/L3B2/STACKED_ANOMS/SST/WW_202301_202352-WEEK_00_2012_2023-ACSPO-V2.0-L3B2-NWA_SUBSET-PXY_1_1211676-SST-ANOM.SAV,/Satdata_Primary/nadata/DATASETS/ACSPONRT/V2.0/L3B2/STACKED_ANOMS/SST/WW_202301_202352-WEEK_00_2012_2023-ACSPO-V2.0-L3B2-NWA_SUBSET-PXY_1_1211676-SST-ANOM.SAV,/Satdata_Primary/nadata/DATASETS/ACSPONRT/V2.0/L3B2/STACKED_ANOMS/SST/,DIF,L3B2,ACSPO,SST,,W_202313,W,ANOM,STACKED_ANOMS,K,1688067421,1688150894,SHELFBREAK_40KM,SHELFBREAK_IN_40_80_KM,6062,14,0.6371879577636719,1.093761444091797,0.7508826255798340,0.7566799776894706,0.7492516152770797,0.1177767991620948
WW_202301_202352-WEEK_00_2012_2023-ACSPO-V2.0-L3B2-NWA_SUBSET-PXY_1_1211676-SST-ANOM.SAV,/Satdata_Primary/nadata/DATASETS/ACSPONRT/V2.0/L3B2/STACKED_ANOMS/SST/WW_202301_202352-WEEK_00_2012_2023-ACSPO-V2.0-L3B2-NWA_SUBSET-PXY_1_1211676-SST-ANOM.SAV,/Satdata_Primary/nadata/DATASETS/ACSPONRT/V2.0/L3B2/STACKED_ANOMS/SST/WW_202301_202352-WEEK_00_2012_2023-ACSPO-V2.0-L3B2-NWA_SUBSET-PXY_1_1211676-SST-ANOM.SAV,/Satdata_Primary/nadata/DATASETS/ACSPONRT/V2.0/L3B2/STACKED_ANOMS/SST/,DIF,L3B2,ACSPO,SST,,W_202313,W,ANOM,STACKED_ANOMS,K,1688067421,1688150894,SHELFBREAK_40KM,SHELFBREAK_IN_0_40_KM,6885,2,1.120946884155273,1.210259437561035,1.210259437561035,1.165603160858154,1.164747417062410,0.06315351215829978
WW_202301_202352-WEEK_00_2012_2023-ACSPO-V2.0-L3B2-NWA_SUBSET-PXY_1_1211676-SST-ANOM.SAV,/Satdata_Primary/nadata/DATASETS/ACSPONRT/V2.0/L3B2/STACKED_ANOMS/SST/WW_202301_202352-WEEK_00_2012_2023-ACSPO-V2.0-L3B2-NWA_SUBSET-PXY_1_1211676-SST-ANOM.SAV,/Satdata_Primary/nadata/DATASETS/ACSPONRT/V2.0/L3B2/STACKED_ANOMS/SST/WW_202301_202352-WEEK_00_2012_2023-ACSPO-V2.0-L3B2-NWA_SUBSET-PXY_1_1211676-SST-ANOM.SAV,/Satdata_Primary/nadata/DATASETS/ACSPONRT/V2.0/L3B2/STACKED_ANOMS/SST/,DIF,L3B2,ACSPO,SST,,W_202313,W,ANOM,STACKED_ANOMS,K,1688067421,1688150894,SHELFBREAK_40KM,SHELFBREAK_OFF_40_80_K,6207,0,,,,,,
WW_202301_202352-WEEK_00_2012_2023-ACSPO-V2.0-L3B2-NWA_SUBSET-PXY_1_1211676-SST-ANOM.SAV,/Satdata_Primary/nadata/DATASETS/ACSPONRT/V2.0/L3B2/STACKED_ANOMS/SST/WW_202301_202352-WEEK_00_2012_2023-ACSPO-V2.0-L3B2-NWA_SUBSET-PXY_1_1211676-SST-ANOM.SAV,/Satdata_Primary/nadata/DATASETS/ACSPONRT/V2.0/L3B2/STACKED_ANOMS/SST/WW_202301_202352-WEEK_00_2012_2023-ACSPO-V2.0-L3B2-NWA_SUBSET-PXY_1_1211676-SST-ANOM.SAV,/Satdata_Primary/nadata/DATASETS/ACSPONRT/V2.0/L3B2/STACKED_ANOMS/SST/,DIF,L3B2,ACSPO,SST,,W_202313,W,ANOM,STACKED_ANOMS,K,1688067421,1688150894,SHELFBREAK_40KM,SHELFBREAK_OFF_0_40_KM,6853,19,0.6534280776977539,1.787443161010742,1.006861686706543,1.075511631212736,1.030174879650506,0.3324139288602159
WW_202301_202352-WEEK_00_2012_2023-ACSPO-V2.0-L3B2-NWA_SUBSET-PXY_1_1211676-SST-ANOM.SAV,/Satdata_Primary/nadata/DATASETS/ACSPONRT/V2.0/L3B2/STACKED_ANOMS/SST/WW_202301_202352-WEEK_00_2012_2023-ACSPO-V2.0-L3B2-NWA_SUBSET-PXY_1_1211676-SST-ANOM.SAV,/Satdata_Primary/nadata/DATASETS/ACSPONRT/V2.0/L3B2/STACKED_ANOMS/SST/WW_202301_202352-WEEK_00_2012_2023-ACSPO-V2.0-L3B2-NWA_SUBSET-PXY_1_1211676-SST-ANOM.SAV,/Satdata_Primary/nadata/DATASETS/ACSPONRT/V2.0/L3B2/STACKED_ANOMS/SST/,DIF,L3B2,ACSPO,SST,,W_202314,W,ANOM,STACKED_ANOMS,K,1688067421,1688150894,SHELFBREAK_40KM,SHELFBREAK_IN_40_80_KM,6062,6062,-0.1786565780639648,5.421334266662598,0.9221696853637695,1.000927494131508,0.9013717878869787,0.5749056533943552
WW_202301_202352-WEEK_00_2012_2023-ACSPO-V2.0-L3B2-NWA_SUBSET-PXY_1_1211676-SST-ANOM.SAV,/Satdata_Primary/nadata/DATASETS/ACSPONRT/V2.0/L3B2/STACKED_ANOMS/SST/WW_202301_202352-WEEK_00_2012_2023-ACSPO-V2.0-L3B2-NWA_SUBSET-PXY_1_1211676-SST-ANOM.SAV,/Satdata_Primary/nadata/DATASETS/ACSPONRT/V2.0/L3B2/STACKED_ANOMS/SST/WW_202301_202352-WEEK_00_2012_2023-ACSPO-V2.0-L3B2-NWA_SUBSET-PXY_1_1211676-SST-ANOM.SAV,/Satdata_Primary/nadata/DATASETS/ACSPONRT/V2.0/L3B2/STACKED_ANOMS/SST/,DIF,L3B2,ACSPO,SST,,W_202314,W,ANOM,STACKED_ANOMS,K,1688067421,1688150894,SHELFBREAK_40KM,SHELFBREAK_IN_0_40_KM,6885,6885,-3.296778678894043,5.768208503723145,0.7787170410156250,0.8036777832236252,0.7416936473916692,0.7847977253954891
WW_202301_202352-WEEK_00_2012_2023-ACSPO-V2.0-L3B2-NWA_SUBSET-PXY_1_1211676-SST-ANOM.SAV,/Satdata_Primary/nadata/DATASETS/ACSPONRT/V2.0/L3B2/STACKED_ANOMS/SST/WW_202301_202352-WEEK_00_2012_2023-ACSPO-V2.0-L3B2-NWA_SUBSET-PXY_1_1211676-SST-ANOM.SAV,/Satdata_Primary/nadata/DATASETS/ACSPONRT/V2.0/L3B2/STACKED_ANOMS/SST/WW_202301_202352-WEEK_00_2012_2023-ACSPO-V2.0-L3B2-NWA_SUBSET-PXY_1_1211676-SST-ANOM.SAV,/Satdata_Primary/nadata/DATASETS/ACSPONRT/V2.0/L3B2/STACKED_ANOMS/SST/,DIF,L3B2,ACSPO,SST,,W_202314,W,ANOM,STACKED_ANOMS,K,1688067421,1688150894,SHELFBREAK_40KM,SHELFBREAK_OFF_40_80_K,6207,6162,-6.204968452453613,7.836635589599609,0.05565452575683594,0.3299910328443156,1.300354418071236,2.871973857842061
WW_202301_202352-WEEK_00_2012_2023-ACSPO-V2.0-L3B2-NWA_SUBSET-PXY_1_1211676-SST-ANOM.SAV,/Satdata_Primary/nadata/DATASETS/ACSPONRT/V2.0/L3B2/STACKED_ANOMS/SST/WW_202301_202352-WEEK_00_2012_2023-ACSPO-V2.0-L3B2-NWA_SUBSET-PXY_1_1211676-SST-ANOM.SAV,/Satdata_Primary/nadata/DATASETS/ACSPONRT/V2.0/L3B2/STACKED_ANOMS/SST/WW_202301_202352-WEEK_00_2012_2023-ACSPO-V2.0-L3B2-NWA_SUBSET-PXY_1_1211676-SST-ANOM.SAV,/Satdata_Primary/nadata/DATASETS/ACSPONRT/V2.0/L3B2/STACKED_ANOMS/SST/,DIF,L3B2,ACSPO,SST,,W_202314,W,ANOM,STACKED_ANOMS,K,1688067421,1688150894,SHELFBREAK_40KM,SHELFBREAK_OFF_0_40_KM,6853,6853,-5.278582572937012,7.705734252929688,0.1392078399658203,0.1823660685827171,0.6928542153512922,2.086167053593781
WW_202301_202352-WEEK_00_2012_2023-ACSPO-V2.0-L3B2-NWA_SUBSET-PXY_1_1211676-SST-ANOM.SAV,/Satdata_Primary/nadata/DATASETS/ACSPONRT/V2.0/L3B2/STACKED_ANOMS/SST/WW_202301_202352-WEEK_00_2012_2023-ACSPO-V2.0-L3B2-NWA_SUBSET-PXY_1_1211676-SST-ANOM.SAV,/Satdata_Primary/nadata/DATASETS/ACSPONRT/V2.0/L3B2/STACKED_ANOMS/SST/WW_202301_202352-WEEK_00_2012_2023-ACSPO-V2.0-L3B2-NWA_SUBSET-PXY_1_1211676-SST-ANOM.SAV,/Satdata_Primary/nadata/DATASETS/ACSPONRT/V2.0/L3B2/STACKED_ANOMS/SST/,DIF,L3B2,ACSPO,SST,,W_202315,W,ANOM,STACKED_ANOMS,K,1688067421,1688150894,SHELFBREAK_40KM,SHELFBREAK_IN_40_80_KM,6062,6062,-1.511332511901855,1.713853836059570,1.076129436492920,0.9367209603313722,0.9397383685877500,0.4950711424296163
WW_202301_202352-WEEK_00_2012_2023-ACSPO-V2.0-L3B2-NWA_SUBSET-PXY_1_1211676-SST-ANOM.SAV,/Satdata_Primary/nadata/DATASETS/ACSPONRT/V2.0/L3B2/STACKED_ANOMS/SST/WW_202301_202352-WEEK_00_2012_2023-ACSPO-V2.0-L3B2-NWA_SUBSET-PXY_1_1211676-SST-ANOM.SAV,/Satdata_Primary/nadata/DATASETS/ACSPONRT/V2.0/L3B2/STACKED_ANOMS/SST/WW_202301_202352-WEEK_00_2012_2023-ACSPO-V2.0-L3B2-NWA_SUBSET-PXY_1_1211676-SST-ANOM.SAV,/Satdata_Primary/nadata/DATASETS/ACSPONRT/V2.0/L3B2/STACKED_ANOMS/SST/,DIF,L3B2,ACSPO,SST,,W_202315,W,ANOM,STACKED_ANOMS,K,1688067421,1688150894,SHELFBREAK_40KM,SHELFBREAK_IN_0_40_KM,6885,6885,-1.778187751770020,6.967054843902588,0.9117965698242188,0.8938701472424387,0.8327460787870287,0.8185170500789136
WW_202301_202352-WEEK_00_2012_2023-ACSPO-V2.0-L3B2-NWA_SUBSET-PXY_1_1211676-SST-ANOM.SAV,/Satdata_Primary/nadata/DATASETS/ACSPONRT/V2.0/L3B2/STACKED_ANOMS/SST/WW_202301_202352-WEEK_00_2012_2023-ACSPO-V2.0-L3B2-NWA_SUBSET-PXY_1_1211676-SST-ANOM.SAV,/Satdata_Primary/nadata/DATASETS/ACSPONRT/V2.0/L3B2/STACKED_ANOMS/SST/WW_202301_202352-WEEK_00_2012_2023-ACSPO-V2.0-L3B2-NWA_SUBSET-PXY_1_1211676-SST-ANOM.SAV,/Satdata_Primary/nadata/DATASETS/ACSPONRT/V2.0/L3B2/STACKED_ANOMS/SST/,DIF,L3B2,ACSPO,SST,,W_202315,W,ANOM,STACKED_ANOMS,K,1688067421,1688150894,SHELFBREAK_40KM,SHELFBREAK_OFF_40_80_K,6207,6207,-4.773934364318848,7.296075820922852,-0.3147277832031250,0.2325651231971324,1.413089695252270,2.708558239330853
WW_202301_202352-WEEK_00_2012_2023-ACSPO-V2.0-L3B2-NWA_SUBSET-PXY_1_1211676-SST-ANOM.SAV,/Satdata_Primary/nadata/DATASETS/ACSPONRT/V2.0/L3B2/STACKED_ANOMS/SST/WW_202301_202352-WEEK_00_2012_2023-ACSPO-V2.0-L3B2-NWA_SUBSET-PXY_1_1211676-SST-ANOM.SAV,/Satdata_Primary/nadata/DATASETS/ACSPONRT/V2.0/L3B2/STACKED_ANOMS/SST/WW_202301_202352-WEEK_00_2012_2023-ACSPO-V2.0-L3B2-NWA_SUBSET-PXY_1_1211676-SST-ANOM.SAV,/Satdata_Primary/nadata/DATASETS/ACSPONRT/V2.0/L3B2/STACKED_ANOMS/SST/,DIF,L3B2,ACSPO,SST,,W_202315,W,ANOM,STACKED_ANOMS,K,1688067421,1688150894,SHELFBREAK_40KM,SHELFBREAK_OFF_0_40_KM,6853,6853,-4.634451866149902,7.296075820922852,0.3897209167480469,0.7117797063768788,1.014988969740836,2.282494991861394
WW_202301_202352-WEEK_00_2012_2023-ACSPO-V2.0-L3B2-NWA_SUBSET-PXY_1_1211676-SST-ANOM.SAV,/Satdata_Primary/nadata/DATASETS/ACSPONRT/V2.0/L3B2/STACKED_ANOMS/SST/WW_202301_202352-WEEK_00_2012_2023-ACSPO-V2.0-L3B2-NWA_SUBSET-PXY_1_1211676-SST-ANOM.SAV,/Satdata_Primary/nadata/DATASETS/ACSPONRT/V2.0/L3B2/STACKED_ANOMS/SST/WW_202301_202352-WEEK_00_2012_2023-ACSPO-V2.0-L3B2-NWA_SUBSET-PXY_1_1211676-SST-ANOM.SAV,/Satdata_Primary/nadata/DATASETS/ACSPONRT/V2.0/L3B2/STACKED_ANOMS/SST/,DIF,L3B2,ACSPO,SST,,W_202316,W,ANOM,STACKED_ANOMS,K,1688067421,1688150894,SHELFBREAK_40KM,SHELFBREAK_IN_40_80_KM,6062,6062,0.5495133399963379,5.288145065307617,1.899341583251953,1.804985706265788,1.713832755264621,0.5596815047353866
WW_202301_202352-WEEK_00_2012_2023-ACSPO-V2.0-L3B2-NWA_SUBSET-PXY_1_1211676-SST-ANOM.SAV,/Satdata_Primary/nadata/DATASETS/ACSPONRT/V2.0/L3B2/STACKED_ANOMS/SST/WW_202301_202352-WEEK_00_2012_2023-ACSPO-V2.0-L3B2-NWA_SUBSET-PXY_1_1211676-SST-ANOM.SAV,/Satdata_Primary/nadata/DATASETS/ACSPONRT/V2.0/L3B2/STACKED_ANOMS/SST/WW_202301_202352-WEEK_00_2012_2023-ACSPO-V2.0-L3B2-NWA_SUBSET-PXY_1_1211676-SST-ANOM.SAV,/Satdata_Primary/nadata/DATASETS/ACSPONRT/V2.0/L3B2/STACKED_ANOMS/SST/,DIF,L3B2,ACSPO,SST,,W_202316,W,ANOM,STACKED_ANOMS,K,1688067421,1688150894,SHELFBREAK_40KM,SHELFBREAK_IN_0_40_KM,6885,6885,-1.579165935516357,5.898459434509277,1.598680496215820,1.587943675055743,1.474747994476697,0.9139494730036795
WW_202301_202352-WEEK_00_2012_2023-ACSPO-V2.0-L3B2-NWA_SUBSET-PXY_1_1211676-SST-ANOM.SAV,/Satdata_Primary/nadata/DATASETS/ACSPONRT/V2.0/L3B2/STACKED_ANOMS/SST/WW_202301_202352-WEEK_00_2012_2023-ACSPO-V2.0-L3B2-NWA_SUBSET-PXY_1_1211676-SST-ANOM.SAV,/Satdata_Primary/nadata/DATASETS/ACSPONRT/V2.0/L3B2/STACKED_ANOMS/SST/WW_202301_202352-WEEK_00_2012_2023-ACSPO-V2.0-L3B2-NWA_SUBSET-PXY_1_1211676-SST-ANOM.SAV,/Satdata_Primary/nadata/DATASETS/ACSPONRT/V2.0/L3B2/STACKED_ANOMS/SST/,DIF,L3B2,ACSPO,SST,,W_202316,W,ANOM,STACKED_ANOMS,K,1688067421,1688150894,SHELFBREAK_40KM,SHELFBREAK_OFF_40_80_K,6207,6207,-5.111919403076172,6.218485832214355,0.06817054748535156,0.1173324010328757,0.9719394209840053,2.167097043434222
WW_202301_202352-WEEK_00_2012_2023-ACSPO-V2.0-L3B2-NWA_SUBSET-PXY_1_1211676-SST-ANOM.SAV,/Satdata_Primary/nadata/DATASETS/ACSPONRT/V2.0/L3B2/STACKED_ANOMS/SST/WW_202301_202352-WEEK_00_2012_2023-ACSPO-V2.0-L3B2-NWA_SUBSET-PXY_1_1211676-SST-ANOM.SAV,/Satdata_Primary/nadata/DATASETS/ACSPONRT/V2.0/L3B2/STACKED_ANOMS/SST/WW_202301_202352-WEEK_00_2012_2023-ACSPO-V2.0-L3B2-NWA_SUBSET-PXY_1_1211676-SST-ANOM.SAV,/Satdata_Primary/nadata/DATASETS/ACSPONRT/V2.0/L3B2/STACKED_ANOMS/SST/,DIF,L3B2,ACSPO,SST,,W_202316,W,ANOM,STACKED_ANOMS,K,1688067421,1688150894,SHELFBREAK_40KM,SHELFBREAK_OFF_0_40_KM,6853,6853,-3.813403129577637,6.013348579406738,0.8154306411743164,0.8152707784032884,1.110293108326480,1.659805812990129
WW_202301_202352-WEEK_00_2012_2023-ACSPO-V2.0-L3B2-NWA_SUBSET-PXY_1_1211676-SST-ANOM.SAV,/Satdata_Primary/nadata/DATASETS/ACSPONRT/V2.0/L3B2/STACKED_ANOMS/SST/WW_202301_202352-WEEK_00_2012_2023-ACSPO-V2.0-L3B2-NWA_SUBSET-PXY_1_1211676-SST-ANOM.SAV,/Satdata_Primary/nadata/DATASETS/ACSPONRT/V2.0/L3B2/STACKED_ANOMS/SST/WW_202301_202352-WEEK_00_2012_2023-ACSPO-V2.0-L3B2-NWA_SUBSET-PXY_1_1211676-SST-ANOM.SAV,/Satdata_Primary/nadata/DATASETS/ACSPONRT/V2.0/L3B2/STACKED_ANOMS/SST/,DIF,L3B2,ACSPO,SST,,W_202317,W,ANOM,STACKED_ANOMS,K,1688067421,1688150894,SHELFBREAK_40KM,SHELFBREAK_IN_40_80_KM,6062,6062,-0.4816222190856934,2.967911720275879,1.596357345581055,1.440247329458943,1.285808634171999,0.5793004901634810
WW_202301_202352-WEEK_00_2012_2023-ACSPO-V2.0-L3B2-NWA_SUBSET-PXY_1_1211676-SST-ANOM.SAV,/Satdata_Primary/nadata/DATASETS/ACSPONRT/V2.0/L3B2/STACKED_ANOMS/SST/WW_202301_202352-WEEK_00_2012_2023-ACSPO-V2.0-L3B2-NWA_SUBSET-PXY_1_1211676-SST-ANOM.SAV,/Satdata_Primary/nadata/DATASETS/ACSPONRT/V2.0/L3B2/STACKED_ANOMS/SST/WW_202301_202352-WEEK_00_2012_2023-ACSPO-V2.0-L3B2-NWA_SUBSET-PXY_1_1211676-SST-ANOM.SAV,/Satdata_Primary/nadata/DATASETS/ACSPONRT/V2.0/L3B2/STACKED_ANOMS/SST/,DIF,L3B2,ACSPO,SST,,W_202317,W,ANOM,STACKED_ANOMS,K,1688067421,1688150894,SHELFBREAK_40KM,SHELFBREAK_IN_0_40_KM,6885,6885,-1.717893600463867,5.658326148986816,1.328055381774902,1.228463455274993,1.059958892276179,0.8885630167317308
WW_202301_202352-WEEK_00_2012_2023-ACSPO-V2.0-L3B2-NWA_SUBSET-PXY_1_1211676-SST-ANOM.SAV,/Satdata_Primary/nadata/DATASETS/ACSPONRT/V2.0/L3B2/STACKED_ANOMS/SST/WW_202301_202352-WEEK_00_2012_2023-ACSPO-V2.0-L3B2-NWA_SUBSET-PXY_1_1211676-SST-ANOM.SAV,/Satdata_Primary/nadata/DATASETS/ACSPONRT/V2.0/L3B2/STACKED_ANOMS/SST/WW_202301_202352-WEEK_00_2012_2023-ACSPO-V2.0-L3B2-NWA_SUBSET-PXY_1_1211676-SST-ANOM.SAV,/Satdata_Primary/nadata/DATASETS/ACSPONRT/V2.0/L3B2/STACKED_ANOMS/SST/,DIF,L3B2,ACSPO,SST,,W_202317,W,ANOM,STACKED_ANOMS,K,1688067421,1688150894,SHELFBREAK_40KM,SHELFBREAK_OFF_40_80_K,6207,6200,-6.262419223785400,5.801589965820312,-0.3591289520263672,-0.4260678450522885,0.7766510185999068,1.939561375813410
WW_202301_202352-WEEK_00_2012_2023-ACSPO-V2.0-L3B2-NWA_SUBSET-PXY_1_1211676-SST-ANOM.SAV,/Satdata_Primary/nadata/DATASETS/ACSPONRT/V2.0/L3B2/STACKED_ANOMS/SST/WW_202301_202352-WEEK_00_2012_2023-ACSPO-V2.0-L3B2-NWA_SUBSET-PXY_1_1211676-SST-ANOM.SAV,/Satdata_Primary/nadata/DATASETS/ACSPONRT/V2.0/L3B2/STACKED_ANOMS/SST/WW_202301_202352-WEEK_00_2012_2023-ACSPO-V2.0-L3B2-NWA_SUBSET-PXY_1_1211676-SST-ANOM.SAV,/Satdata_Primary/nadata/DATASETS/ACSPONRT/V2.0/L3B2/STACKED_ANOMS/SST/,DIF,L3B2,ACSPO,SST,,W_202317,W,ANOM,STACKED_ANOMS,K,1688067421,1688150894,SHELFBREAK_40KM,SHELFBREAK_OFF_0_40_KM,6853,6853,-3.881280422210693,5.316302299499512,0.4699306488037109,0.4984732753392399,0.9613476336918667,1.634499956599009
WW_202301_202352-WEEK_00_2012_2023-ACSPO-V2.0-L3B2-NWA_SUBSET-PXY_1_1211676-SST-ANOM.SAV,/Satdata_Primary/nadata/DATASETS/ACSPONRT/V2.0/L3B2/STACKED_ANOMS/SST/WW_202301_202352-WEEK_00_2012_2023-ACSPO-V2.0-L3B2-NWA_SUBSET-PXY_1_1211676-SST-ANOM.SAV,/Satdata_Primary/nadata/DATASETS/ACSPONRT/V2.0/L3B2/STACKED_ANOMS/SST/WW_202301_202352-WEEK_00_2012_2023-ACSPO-V2.0-L3B2-NWA_SUBSET-PXY_1_1211676-SST-ANOM.SAV,/Satdata_Primary/nadata/DATASETS/ACSPONRT/V2.0/L3B2/STACKED_ANOMS/SST/,DIF,L3B2,ACSPO,SST,,W_202318,W,ANOM,STACKED_ANOMS,K,1688067421,1688150894,SHELFBREAK_40KM,SHELFBREAK_IN_40_80_KM,6062,6062,-2.855093002319336,2.091718673706055,0.9861698150634766,0.8809808766004159,0.8787912801029329,0.5912587874081582
WW_202301_202352-WEEK_00_2012_2023-ACSPO-V2.0-L3B2-NWA_SUBSET-PXY_1_1211676-SST-ANOM.SAV,/Satdata_Primary/nadata/DATASETS/ACSPONRT/V2.0/L3B2/STACKED_ANOMS/SST/WW_202301_202352-WEEK_00_2012_2023-ACSPO-V2.0-L3B2-NWA_SUBSET-PXY_1_1211676-SST-ANOM.SAV,/Satdata_Primary/nadata/DATASETS/ACSPONRT/V2.0/L3B2/STACKED_ANOMS/SST/WW_202301_202352-WEEK_00_2012_2023-ACSPO-V2.0-L3B2-NWA_SUBSET-PXY_1_1211676-SST-ANOM.SAV,/Satdata_Primary/nadata/DATASETS/ACSPONRT/V2.0/L3B2/STACKED_ANOMS/SST/,DIF,L3B2,ACSPO,SST,,W_202318,W,ANOM,STACKED_ANOMS,K,1688067421,1688150894,SHELFBREAK_40KM,SHELFBREAK_IN_0_40_KM,6885,6885,-4.723020553588867,2.958909988403320,0.7120485305786133,0.5428589919899890,0.7183614895292617,0.9546186720836547
WW_202301_202352-WEEK_00_2012_2023-ACSPO-V2.0-L3B2-NWA_SUBSET-PXY_1_1211676-SST-ANOM.SAV,/Satdata_Primary/nadata/DATASETS/ACSPONRT/V2.0/L3B2/STACKED_ANOMS/SST/WW_202301_202352-WEEK_00_2012_2023-ACSPO-V2.0-L3B2-NWA_SUBSET-PXY_1_1211676-SST-ANOM.SAV,/Satdata_Primary/nadata/DATASETS/ACSPONRT/V2.0/L3B2/STACKED_ANOMS/SST/WW_202301_202352-WEEK_00_2012_2023-ACSPO-V2.0-L3B2-NWA_SUBSET-PXY_1_1211676-SST-ANOM.SAV,/Satdata_Primary/nadata/DATASETS/ACSPONRT/V2.0/L3B2/STACKED_ANOMS/SST/,DIF,L3B2,ACSPO,SST,,W_202318,W,ANOM,STACKED_ANOMS,K,1688067421,1688150894,SHELFBREAK_40KM,SHELFBREAK_OFF_40_80_K,6207,6207,-6.984712600708008,3.397643089294434,-1.154580116271973,-0.9111646979024527,0.8836537407256960,1.752147367403994
WW_202301_202352-WEEK_00_2012_2023-ACSPO-V2.0-L3B2-NWA_SUBSET-PXY_1_1211676-SST-ANOM.SAV,/Satdata_Primary/nadata/DATASETS/ACSPONRT/V2.0/L3B2/STACKED_ANOMS/SST/WW_202301_202352-WEEK_00_2012_2023-ACSPO-V2.0-L3B2-NWA_SUBSET-PXY_1_1211676-SST-ANOM.SAV,/Satdata_Primary/nadata/DATASETS/ACSPONRT/V2.0/L3B2/STACKED_ANOMS/SST/WW_202301_202352-WEEK_00_2012_2023-ACSPO-V2.0-L3B2-NWA_SUBSET-PXY_1_1211676-SST-ANOM.SAV,/Satdata_Primary/nadata/DATASETS/ACSPONRT/V2.0/L3B2/STACKED_ANOMS/SST/,DIF,L3B2,ACSPO,SST,,W_202318,W,ANOM,STACKED_ANOMS,K,1688067421,1688150894,SHELFBREAK_40KM,SHELFBREAK_OFF_0_40_KM,6853,6853,-6.193110466003418,3.431137084960938,0.1077642440795898,0.01300630335666551,0.7972963876208449,1.639725918670045
WW_202301_202352-WEEK_00_2012_2023-ACSPO-V2.0-L3B2-NWA_SUBSET-PXY_1_1211676-SST-ANOM.SAV,/Satdata_Primary/nadata/DATASETS/ACSPONRT/V2.0/L3B2/STACKED_ANOMS/SST/WW_202301_202352-WEEK_00_2012_2023-ACSPO-V2.0-L3B2-NWA_SUBSET-PXY_1_1211676-SST-ANOM.SAV,/Satdata_Primary/nadata/DATASETS/ACSPONRT/V2.0/L3B2/STACKED_ANOMS/SST/WW_202301_202352-WEEK_00_2012_2023-ACSPO-V2.0-L3B2-NWA_SUBSET-PXY_1_1211676-SST-ANOM.SAV,/Satdata_Primary/nadata/DATASETS/ACSPONRT/V2.0/L3B2/STACKED_ANOMS/SST/,DIF,L3B2,ACSPO,SST,,W_202319,W,ANOM,STACKED_ANOMS,K,1688067421,1688150894,SHELFBREAK_40KM,SHELFBREAK_IN_40_80_KM,6062,6062,-1.881055831909180,2.445361137390137,1.315758705139160,1.272018409963096,1.201275625079755,0.6511250388535651
WW_202301_202352-WEEK_00_2012_2023-ACSPO-V2.0-L3B2-NWA_SUBSET-PXY_1_1211676-SST-ANOM.SAV,/Satdata_Primary/nadata/DATASETS/ACSPONRT/V2.0/L3B2/STACKED_ANOMS/SST/WW_202301_202352-WEEK_00_2012_2023-ACSPO-V2.0-L3B2-NWA_SUBSET-PXY_1_1211676-SST-ANOM.SAV,/Satdata_Primary/nadata/DATASETS/ACSPONRT/V2.0/L3B2/STACKED_ANOMS/SST/WW_202301_202352-WEEK_00_2012_2023-ACSPO-V2.0-L3B2-NWA_SUBSET-PXY_1_1211676-SST-ANOM.SAV,/Satdata_Primary/nadata/DATASETS/ACSPONRT/V2.0/L3B2/STACKED_ANOMS/SST/,DIF,L3B2,ACSPO,SST,,W_202319,W,ANOM,STACKED_ANOMS,K,1688067421,1688150894,SHELFBREAK_40KM,SHELFBREAK_IN_0_40_KM,6885,6885,-2.511178970336914,4.801906585693359,0.8529715538024902,0.7923547874954877,0.9905116378922494,1.184151352287931
WW_202301_202352-WEEK_00_2012_2023-ACSPO-V2.0-L3B2-NWA_SUBSET-PXY_1_1211676-SST-ANOM.SAV,/Satdata_Primary/nadata/DATASETS/ACSPONRT/V2.0/L3B2/STACKED_ANOMS/SST/WW_202301_202352-WEEK_00_2012_2023-ACSPO-V2.0-L3B2-NWA_SUBSET-PXY_1_1211676-SST-ANOM.SAV,/Satdata_Primary/nadata/DATASETS/ACSPONRT/V2.0/L3B2/STACKED_ANOMS/SST/WW_202301_202352-WEEK_00_2012_2023-ACSPO-V2.0-L3B2-NWA_SUBSET-PXY_1_1211676-SST-ANOM.SAV,/Satdata_Primary/nadata/DATASETS/ACSPONRT/V2.0/L3B2/STACKED_ANOMS/SST/,DIF,L3B2,ACSPO,SST,,W_202319,W,ANOM,STACKED_ANOMS,K,1688067421,1688150894,SHELFBREAK_40KM,SHELFBREAK_OFF_40_80_K,6207,6207,-6.906500816345215,4.413863182067871,-1.690256118774414,-1.157422068423650,1.613822264203369,2.418901717889330
WW_202301_202352-WEEK_00_2012_2023-ACSPO-V2.0-L3B2-NWA_SUBSET-PXY_1_1211676-SST-ANOM.SAV,/Satdata_Primary/nadata/DATASETS/ACSPONRT/V2.0/L3B2/STACKED_ANOMS/SST/WW_202301_202352-WEEK_00_2012_2023-ACSPO-V2.0-L3B2-NWA_SUBSET-PXY_1_1211676-SST-ANOM.SAV,/Satdata_Primary/nadata/DATASETS/ACSPONRT/V2.0/L3B2/STACKED_ANOMS/SST/WW_202301_202352-WEEK_00_2012_2023-ACSPO-V2.0-L3B2-NWA_SUBSET-PXY_1_1211676-SST-ANOM.SAV,/Satdata_Primary/nadata/DATASETS/ACSPONRT/V2.0/L3B2/STACKED_ANOMS/SST/,DIF,L3B2,ACSPO,SST,,W_202319,W,ANOM,STACKED_ANOMS,K,1688067421,1688150894,SHELFBREAK_40KM,SHELFBREAK_OFF_0_40_KM,6853,6853,-6.314685821533203,4.884976387023926,-0.5791530609130859,-0.2418856587389795,1.342251638457389,2.212431243455902
WW_202301_202352-WEEK_00_2012_2023-ACSPO-V2.0-L3B2-NWA_SUBSET-PXY_1_1211676-SST-ANOM.SAV,/Satdata_Primary/nadata/DATASETS/ACSPONRT/V2.0/L3B2/STACKED_ANOMS/SST/WW_202301_202352-WEEK_00_2012_2023-ACSPO-V2.0-L3B2-NWA_SUBSET-PXY_1_1211676-SST-ANOM.SAV,/Satdata_Primary/nadata/DATASETS/ACSPONRT/V2.0/L3B2/STACKED_ANOMS/SST/WW_202301_202352-WEEK_00_2012_2023-ACSPO-V2.0-L3B2-NWA_SUBSET-PXY_1_1211676-SST-ANOM.SAV,/Satdata_Primary/nadata/DATASETS/ACSPONRT/V2.0/L3B2/STACKED_ANOMS/SST/,DIF,L3B2,ACSPO,SST,,W_202320,W,ANOM,STACKED_ANOMS,K,1688067421,1688150894,SHELFBREAK_40KM,SHELFBREAK_IN_40_80_KM,6062,6062,-0.8755941390991211,1.987212181091309,0.9386739730834961,0.8423595330928348,0.8723112793170801,0.6562304779362113
WW_202301_202352-WEEK_00_2012_2023-ACSPO-V2.0-L3B2-NWA_SUBSET-PXY_1_1211676-SST-ANOM.SAV,/Satdata_Primary/nadata/DATASETS/ACSPONRT/V2.0/L3B2/STACKED_ANOMS/SST/WW_202301_202352-WEEK_00_2012_2023-ACSPO-V2.0-L3B2-NWA_SUBSET-PXY_1_1211676-SST-ANOM.SAV,/Satdata_Primary/nadata/DATASETS/ACSPONRT/V2.0/L3B2/STACKED_ANOMS/SST/WW_202301_202352-WEEK_00_2012_2023-ACSPO-V2.0-L3B2-NWA_SUBSET-PXY_1_1211676-SST-ANOM.SAV,/Satdata_Primary/nadata/DATASETS/ACSPONRT/V2.0/L3B2/STACKED_ANOMS/SST/,DIF,L3B2,ACSPO,SST,,W_202320,W,ANOM,STACKED_ANOMS,K,1688067421,1688150894,SHELFBREAK_40KM,SHELFBREAK_IN_0_40_KM,6885,6885,-2.649753570556641,4.445399284362793,0.7200613021850586,0.6520686101809566,0.7698007922487818,0.9433267589033332
WW_202301_202352-WEEK_00_2012_2023-ACSPO-V2.0-L3B2-NWA_SUBSET-PXY_1_1211676-SST-ANOM.SAV,/Satdata_Primary/nadata/DATASETS/ACSPONRT/V2.0/L3B2/STACKED_ANOMS/SST/WW_202301_202352-WEEK_00_2012_2023-ACSPO-V2.0-L3B2-NWA_SUBSET-PXY_1_1211676-SST-ANOM.SAV,/Satdata_Primary/nadata/DATASETS/ACSPONRT/V2.0/L3B2/STACKED_ANOMS/SST/WW_202301_202352-WEEK_00_2012_2023-ACSPO-V2.0-L3B2-NWA_SUBSET-PXY_1_1211676-SST-ANOM.SAV,/Satdata_Primary/nadata/DATASETS/ACSPONRT/V2.0/L3B2/STACKED_ANOMS/SST/,DIF,L3B2,ACSPO,SST,,W_202320,W,ANOM,STACKED_ANOMS,K,1688067421,1688150894,SHELFBREAK_40KM,SHELFBREAK_OFF_40_80_K,6207,6207,-5.140668869018555,4.664083480834961,-1.544736862182617,-0.9570324468174782,1.136989158691839,2.183056421233670
WW_202301_202352-WEEK_00_2012_2023-ACSPO-V2.0-L3B2-NWA_SUBSET-PXY_1_1211676-SST-ANOM.SAV,/Satdata_Primary/nadata/DATASETS/ACSPONRT/V2.0/L3B2/STACKED_ANOMS/SST/WW_202301_202352-WEEK_00_2012_2023-ACSPO-V2.0-L3B2-NWA_SUBSET-PXY_1_1211676-SST-ANOM.SAV,/Satdata_Primary/nadata/DATASETS/ACSPONRT/V2.0/L3B2/STACKED_ANOMS/SST/WW_202301_202352-WEEK_00_2012_2023-ACSPO-V2.0-L3B2-NWA_SUBSET-PXY_1_1211676-SST-ANOM.SAV,/Satdata_Primary/nadata/DATASETS/ACSPONRT/V2.0/L3B2/STACKED_ANOMS/SST/,DIF,L3B2,ACSPO,SST,,W_202320,W,ANOM,STACKED_ANOMS,K,1688067421,1688150894,SHELFBREAK_40KM,SHELFBREAK_OFF_0_40_KM,6853,6853,-5.074476242065430,4.887153625488281,-0.3892421722412109,-0.2824177737133739,1.097476474008292,2.004287225268029
WW_202301_202352-WEEK_00_2012_2023-ACSPO-V2.0-L3B2-NWA_SUBSET-PXY_1_1211676-SST-ANOM.SAV,/Satdata_Primary/nadata/DATASETS/ACSPONRT/V2.0/L3B2/STACKED_ANOMS/SST/WW_202301_202352-WEEK_00_2012_2023-ACSPO-V2.0-L3B2-NWA_SUBSET-PXY_1_1211676-SST-ANOM.SAV,/Satdata_Primary/nadata/DATASETS/ACSPONRT/V2.0/L3B2/STACKED_ANOMS/SST/WW_202301_202352-WEEK_00_2012_2023-ACSPO-V2.0-L3B2-NWA_SUBSET-PXY_1_1211676-SST-ANOM.SAV,/Satdata_Primary/nadata/DATASETS/ACSPONRT/V2.0/L3B2/STACKED_ANOMS/SST/,DIF,L3B2,ACSPO,SST,,W_202321,W,ANOM,STACKED_ANOMS,K,1688067421,1688150894,SHELFBREAK_40KM,SHELFBREAK_IN_40_80_KM,6062,6062,-2.807935714721680,2.373729705810547,0.1415328979492188,0.07879785113270155,0.3967707574909582,0.6595997897853427
WW_202301_202352-WEEK_00_2012_2023-ACSPO-V2.0-L3B2-NWA_SUBSET-PXY_1_1211676-SST-ANOM.SAV,/Satdata_Primary/nadata/DATASETS/ACSPONRT/V2.0/L3B2/STACKED_ANOMS/SST/WW_202301_202352-WEEK_00_2012_2023-ACSPO-V2.0-L3B2-NWA_SUBSET-PXY_1_1211676-SST-ANOM.SAV,/Satdata_Primary/nadata/DATASETS/ACSPONRT/V2.0/L3B2/STACKED_ANOMS/SST/WW_202301_202352-WEEK_00_2012_2023-ACSPO-V2.0-L3B2-NWA_SUBSET-PXY_1_1211676-SST-ANOM.SAV,/Satdata_Primary/nadata/DATASETS/ACSPONRT/V2.0/L3B2/STACKED_ANOMS/SST/,DIF,L3B2,ACSPO,SST,,W_202321,W,ANOM,STACKED_ANOMS,K,1688067421,1688150894,SHELFBREAK_40KM,SHELFBREAK_IN_0_40_KM,6885,6885,-4.124237060546875,3.046533584594727,-0.02805137634277344,-0.04680673741913396,0.4458278059418602,0.9738935219061515
WW_202301_202352-WEEK_00_2012_2023-ACSPO-V2.0-L3B2-NWA_SUBSET-PXY_1_1211676-SST-ANOM.SAV,/Satdata_Primary/nadata/DATASETS/ACSPONRT/V2.0/L3B2/STACKED_ANOMS/SST/WW_202301_202352-WEEK_00_2012_2023-ACSPO-V2.0-L3B2-NWA_SUBSET-PXY_1_1211676-SST-ANOM.SAV,/Satdata_Primary/nadata/DATASETS/ACSPONRT/V2.0/L3B2/STACKED_ANOMS/SST/WW_202301_202352-WEEK_00_2012_2023-ACSPO-V2.0-L3B2-NWA_SUBSET-PXY_1_1211676-SST-ANOM.SAV,/Satdata_Primary/nadata/DATASETS/ACSPONRT/V2.0/L3B2/STACKED_ANOMS/SST/,DIF,L3B2,ACSPO,SST,,W_202321,W,ANOM,STACKED_ANOMS,K,1688067421,1688150894,SHELFBREAK_40KM,SHELFBREAK_OFF_40_80_K,6207,6207,-5.965300559997559,3.729461669921875,-1.183717727661133,-1.179259387655920,0.8813448470071015,2.227367653053343
WW_202301_202352-WEEK_00_2012_2023-ACSPO-V2.0-L3B2-NWA_SUBSET-PXY_1_1211676-SST-ANOM.SAV,/Satdata_Primary/nadata/DATASETS/ACSPONRT/V2.0/L3B2/STACKED_ANOMS/SST/WW_202301_202352-WEEK_00_2012_2023-ACSPO-V2.0-L3B2-NWA_SUBSET-PXY_1_1211676-SST-ANOM.SAV,/Satdata_Primary/nadata/DATASETS/ACSPONRT/V2.0/L3B2/STACKED_ANOMS/SST/WW_202301_202352-WEEK_00_2012_2023-ACSPO-V2.0-L3B2-NWA_SUBSET-PXY_1_1211676-SST-ANOM.SAV,/Satdata_Primary/nadata/DATASETS/ACSPONRT/V2.0/L3B2/STACKED_ANOMS/SST/,DIF,L3B2,ACSPO,SST,,W_202321,W,ANOM,STACKED_ANOMS,K,1688067421,1688150894,SHELFBREAK_40KM,SHELFBREAK_OFF_0_40_KM,6853,6853,-5.882117271423340,3.337770462036133,-0.4574518203735352,-0.6808279840577072,0.7674264319904026,1.887144387037220
WW_202301_202352-WEEK_00_2012_2023-ACSPO-V2.0-L3B2-NWA_SUBSET-PXY_1_1211676-SST-ANOM.SAV,/Satdata_Primary/nadata/DATASETS/ACSPONRT/V2.0/L3B2/STACKED_ANOMS/SST/WW_202301_202352-WEEK_00_2012_2023-ACSPO-V2.0-L3B2-NWA_SUBSET-PXY_1_1211676-SST-ANOM.SAV,/Satdata_Primary/nadata/DATASETS/ACSPONRT/V2.0/L3B2/STACKED_ANOMS/SST/WW_202301_202352-WEEK_00_2012_2023-ACSPO-V2.0-L3B2-NWA_SUBSET-PXY_1_1211676-SST-ANOM.SAV,/Satdata_Primary/nadata/DATASETS/ACSPONRT/V2.0/L3B2/STACKED_ANOMS/SST/,DIF,L3B2,ACSPO,SST,,W_202322,W,ANOM,STACKED_ANOMS,K,1688067421,1688150894,SHELFBREAK_40KM,SHELFBREAK_IN_40_80_KM,6062,6062,-4.904447555541992,1.869066238403320,-0.1761331558227539,-0.6051702264982731,0.4154491812401139,1.435222456710345
WW_202301_202352-WEEK_00_2012_2023-ACSPO-V2.0-L3B2-NWA_SUBSET-PXY_1_1211676-SST-ANOM.SAV,/Satdata_Primary/nadata/DATASETS/ACSPONRT/V2.0/L3B2/STACKED_ANOMS/SST/WW_202301_202352-WEEK_00_2012_2023-ACSPO-V2.0-L3B2-NWA_SUBSET-PXY_1_1211676-SST-ANOM.SAV,/Satdata_Primary/nadata/DATASETS/ACSPONRT/V2.0/L3B2/STACKED_ANOMS/SST/WW_202301_202352-WEEK_00_2012_2023-ACSPO-V2.0-L3B2-NWA_SUBSET-PXY_1_1211676-SST-ANOM.SAV,/Satdata_Primary/nadata/DATASETS/ACSPONRT/V2.0/L3B2/STACKED_ANOMS/SST/,DIF,L3B2,ACSPO,SST,,W_202322,W,ANOM,STACKED_ANOMS,K,1688067421,1688150894,SHELFBREAK_40KM,SHELFBREAK_IN_0_40_KM,6885,6881,-4.606981277465820,5.024330139160156,-0.1108932495117188,-0.09059162275715980,0.5815938103680135,1.374544039354047
WW_202301_202352-WEEK_00_2012_2023-ACSPO-V2.0-L3B2-NWA_SUBSET-PXY_1_1211676-SST-ANOM.SAV,/Satdata_Primary/nadata/DATASETS/ACSPONRT/V2.0/L3B2/STACKED_ANOMS/SST/WW_202301_202352-WEEK_00_2012_2023-ACSPO-V2.0-L3B2-NWA_SUBSET-PXY_1_1211676-SST-ANOM.SAV,/Satdata_Primary/nadata/DATASETS/ACSPONRT/V2.0/L3B2/STACKED_ANOMS/SST/WW_202301_202352-WEEK_00_2012_2023-ACSPO-V2.0-L3B2-NWA_SUBSET-PXY_1_1211676-SST-ANOM.SAV,/Satdata_Primary/nadata/DATASETS/ACSPONRT/V2.0/L3B2/STACKED_ANOMS/SST/,DIF,L3B2,ACSPO,SST,,W_202322,W,ANOM,STACKED_ANOMS,K,1688067421,1688150894,SHELFBREAK_40KM,SHELFBREAK_OFF_40_80_K,6207,6207,-6.374438285827637,6.970066070556641,-0.7501411437988281,-0.7514331815168633,1.238857539166104,2.736496520006554
WW_202301_202352-WEEK_00_2012_2023-ACSPO-V2.0-L3B2-NWA_SUBSET-PXY_1_1211676-SST-ANOM.SAV,/Satdata_Primary/nadata/DATASETS/ACSPONRT/V2.0/L3B2/STACKED_ANOMS/SST/WW_202301_202352-WEEK_00_2012_2023-ACSPO-V2.0-L3B2-NWA_SUBSET-PXY_1_1211676-SST-ANOM.SAV,/Satdata_Primary/nadata/DATASETS/ACSPONRT/V2.0/L3B2/STACKED_ANOMS/SST/WW_202301_202352-WEEK_00_2012_2023-ACSPO-V2.0-L3B2-NWA_SUBSET-PXY_1_1211676-SST-ANOM.SAV,/Satdata_Primary/nadata/DATASETS/ACSPONRT/V2.0/L3B2/STACKED_ANOMS/SST/,DIF,L3B2,ACSPO,SST,,W_202322,W,ANOM,STACKED_ANOMS,K,1688067421,1688150894,SHELFBREAK_40KM,SHELFBREAK_OFF_0_40_KM,6853,6840,-5.733520507812500,7.383224487304688,-0.09514427185058594,-0.1992177687193218,0.9859767063856156,2.336693430913629
WW_202301_202352-WEEK_00_2012_2023-ACSPO-V2.0-L3B2-NWA_SUBSET-PXY_1_1211676-SST-ANOM.SAV,/Satdata_Primary/nadata/DATASETS/ACSPONRT/V2.0/L3B2/STACKED_ANOMS/SST/WW_202301_202352-WEEK_00_2012_2023-ACSPO-V2.0-L3B2-NWA_SUBSET-PXY_1_1211676-SST-ANOM.SAV,/Satdata_Primary/nadata/DATASETS/ACSPONRT/V2.0/L3B2/STACKED_ANOMS/SST/WW_202301_202352-WEEK_00_2012_2023-ACSPO-V2.0-L3B2-NWA_SUBSET-PXY_1_1211676-SST-ANOM.SAV,/Satdata_Primary/nadata/DATASETS/ACSPONRT/V2.0/L3B2/STACKED_ANOMS/SST/,DIF,L3B2,ACSPO,SST,,W_202323,W,ANOM,STACKED_ANOMS,K,1688067421,1688150894,SHELFBREAK_40KM,SHELFBREAK_IN_40_80_KM,6062,6062,-4.481248855590820,4.124002456665039,-1.543642997741699,-1.490461704873362,0.1893451121704678,1.191513432648551
WW_202301_202352-WEEK_00_2012_2023-ACSPO-V2.0-L3B2-NWA_SUBSET-PXY_1_1211676-SST-ANOM.SAV,/Satdata_Primary/nadata/DATASETS/ACSPONRT/V2.0/L3B2/STACKED_ANOMS/SST/WW_202301_202352-WEEK_00_2012_2023-ACSPO-V2.0-L3B2-NWA_SUBSET-PXY_1_1211676-SST-ANOM.SAV,/Satdata_Primary/nadata/DATASETS/ACSPONRT/V2.0/L3B2/STACKED_ANOMS/SST/WW_202301_202352-WEEK_00_2012_2023-ACSPO-V2.0-L3B2-NWA_SUBSET-PXY_1_1211676-SST-ANOM.SAV,/Satdata_Primary/nadata/DATASETS/ACSPONRT/V2.0/L3B2/STACKED_ANOMS/SST/,DIF,L3B2,ACSPO,SST,,W_202323,W,ANOM,STACKED_ANOMS,K,1688067421,1688150894,SHELFBREAK_40KM,SHELFBREAK_IN_0_40_KM,6885,6885,-5.868019104003906,7.494565010070801,-1.266857147216797,-0.7228261587493386,1.164978923957746,2.145887777700962
WW_202301_202352-WEEK_00_2012_2023-ACSPO-V2.0-L3B2-NWA_SUBSET-PXY_1_1211676-SST-ANOM.SAV,/Satdata_Primary/nadata/DATASETS/ACSPONRT/V2.0/L3B2/STACKED_ANOMS/SST/WW_202301_202352-WEEK_00_2012_2023-ACSPO-V2.0-L3B2-NWA_SUBSET-PXY_1_1211676-SST-ANOM.SAV,/Satdata_Primary/nadata/DATASETS/ACSPONRT/V2.0/L3B2/STACKED_ANOMS/SST/WW_202301_202352-WEEK_00_2012_2023-ACSPO-V2.0-L3B2-NWA_SUBSET-PXY_1_1211676-SST-ANOM.SAV,/Satdata_Primary/nadata/DATASETS/ACSPONRT/V2.0/L3B2/STACKED_ANOMS/SST/,DIF,L3B2,ACSPO,SST,,W_202323,W,ANOM,STACKED_ANOMS,K,1688067421,1688150894,SHELFBREAK_40KM,SHELFBREAK_OFF_40_80_K,6207,6149,-6.802984237670898,5.573497772216797,-1.129228591918945,-0.9423032418792472,1.655963878849181,2.726014458951695
WW_202301_202352-WEEK_00_2012_2023-ACSPO-V2.0-L3B2-NWA_SUBSET-PXY_1_1211676-SST-ANOM.SAV,/Satdata_Primary/nadata/DATASETS/ACSPONRT/V2.0/L3B2/STACKED_ANOMS/SST/WW_202301_202352-WEEK_00_2012_2023-ACSPO-V2.0-L3B2-NWA_SUBSET-PXY_1_1211676-SST-ANOM.SAV,/Satdata_Primary/nadata/DATASETS/ACSPONRT/V2.0/L3B2/STACKED_ANOMS/SST/WW_202301_202352-WEEK_00_2012_2023-ACSPO-V2.0-L3B2-NWA_SUBSET-PXY_1_1211676-SST-ANOM.SAV,/Satdata_Primary/nadata/DATASETS/ACSPONRT/V2.0/L3B2/STACKED_ANOMS/SST/,DIF,L3B2,ACSPO,SST,,W_202323,W,ANOM,STACKED_ANOMS,K,1688067421,1688150894,SHELFBREAK_40KM,SHELFBREAK_OFF_0_40_KM,6853,6853,-6.374858856201172,7.147197723388672,-1.131628990173340,-0.7074303069672028,1.739241529293270,2.611516000496012
WW_202301_202352-WEEK_00_2012_2023-ACSPO-V2.0-L3B2-NWA_SUBSET-PXY_1_1211676-SST-ANOM.SAV,/Satdata_Primary/nadata/DATASETS/ACSPONRT/V2.0/L3B2/STACKED_ANOMS/SST/WW_202301_202352-WEEK_00_2012_2023-ACSPO-V2.0-L3B2-NWA_SUBSET-PXY_1_1211676-SST-ANOM.SAV,/Satdata_Primary/nadata/DATASETS/ACSPONRT/V2.0/L3B2/STACKED_ANOMS/SST/WW_202301_202352-WEEK_00_2012_2023-ACSPO-V2.0-L3B2-NWA_SUBSET-PXY_1_1211676-SST-ANOM.SAV,/Satdata_Primary/nadata/DATASETS/ACSPONRT/V2.0/L3B2/STACKED_ANOMS/SST/,DIF,L3B2,ACSPO,SST,,W_202324,W,ANOM,STACKED_ANOMS,K,1688067421,1688150894,SHELFBREAK_40KM,SHELFBREAK_IN_40_80_KM,6062,6062,-2.819122314453125,4.332225799560547,-0.6522140502929688,-0.3901941714134204,0.7834284319515671,1.222551968059802
WW_202301_202352-WEEK_00_2012_2023-ACSPO-V2.0-L3B2-NWA_SUBSET-PXY_1_1211676-SST-ANOM.SAV,/Satdata_Primary/nadata/DATASETS/ACSPONRT/V2.0/L3B2/STACKED_ANOMS/SST/WW_202301_202352-WEEK_00_2012_2023-ACSPO-V2.0-L3B2-NWA_SUBSET-PXY_1_1211676-SST-ANOM.SAV,/Satdata_Primary/nadata/DATASETS/ACSPONRT/V2.0/L3B2/STACKED_ANOMS/SST/WW_202301_202352-WEEK_00_2012_2023-ACSPO-V2.0-L3B2-NWA_SUBSET-PXY_1_1211676-SST-ANOM.SAV,/Satdata_Primary/nadata/DATASETS/ACSPONRT/V2.0/L3B2/STACKED_ANOMS/SST/,DIF,L3B2,ACSPO,SST,,W_202324,W,ANOM,STACKED_ANOMS,K,1688067421,1688150894,SHELFBREAK_40KM,SHELFBREAK_IN_0_40_KM,6885,6885,-2.959059715270996,6.488956451416016,-0.7462062835693359,-0.1041395809309329,1.152287909396424,1.874233228009606
WW_202301_202352-WEEK_00_2012_2023-ACSPO-V2.0-L3B2-NWA_SUBSET-PXY_1_1211676-SST-ANOM.SAV,/Satdata_Primary/nadata/DATASETS/ACSPONRT/V2.0/L3B2/STACKED_ANOMS/SST/WW_202301_202352-WEEK_00_2012_2023-ACSPO-V2.0-L3B2-NWA_SUBSET-PXY_1_1211676-SST-ANOM.SAV,/Satdata_Primary/nadata/DATASETS/ACSPONRT/V2.0/L3B2/STACKED_ANOMS/SST/WW_202301_202352-WEEK_00_2012_2023-ACSPO-V2.0-L3B2-NWA_SUBSET-PXY_1_1211676-SST-ANOM.SAV,/Satdata_Primary/nadata/DATASETS/ACSPONRT/V2.0/L3B2/STACKED_ANOMS/SST/,DIF,L3B2,ACSPO,SST,,W_202324,W,ANOM,STACKED_ANOMS,K,1688067421,1688150894,SHELFBREAK_40KM,SHELFBREAK_OFF_40_80_K,6207,6207,-5.882086753845215,5.095317840576172,-0.9138717651367188,-0.8203497381626705,1.229836036078941,2.314826194201522
WW_202301_202352-WEEK_00_2012_2023-ACSPO-V2.0-L3B2-NWA_SUBSET-PXY_1_1211676-SST-ANOM.SAV,/Satdata_Primary/nadata/DATASETS/ACSPONRT/V2.0/L3B2/STACKED_ANOMS/SST/WW_202301_202352-WEEK_00_2012_2023-ACSPO-V2.0-L3B2-NWA_SUBSET-PXY_1_1211676-SST-ANOM.SAV,/Satdata_Primary/nadata/DATASETS/ACSPONRT/V2.0/L3B2/STACKED_ANOMS/SST/WW_202301_202352-WEEK_00_2012_2023-ACSPO-V2.0-L3B2-NWA_SUBSET-PXY_1_1211676-SST-ANOM.SAV,/Satdata_Primary/nadata/DATASETS/ACSPONRT/V2.0/L3B2/STACKED_ANOMS/SST/,DIF,L3B2,ACSPO,SST,,W_202324,W,ANOM,STACKED_ANOMS,K,1688067421,1688150894,SHELFBREAK_40KM,SHELFBREAK_OFF_0_40_KM,6853,6853,-4.662607192993164,5.401821136474609,-1.072187423706055,-0.6715447342206174,1.638718444281449,2.075003644680022
WW_202301_202352-WEEK_00_2012_2023-ACSPO-V2.0-L3B2-NWA_SUBSET-PXY_1_1211676-SST-ANOM.SAV,/Satdata_Primary/nadata/DATASETS/ACSPONRT/V2.0/L3B2/STACKED_ANOMS/SST/WW_202301_202352-WEEK_00_2012_2023-ACSPO-V2.0-L3B2-NWA_SUBSET-PXY_1_1211676-SST-ANOM.SAV,/Satdata_Primary/nadata/DATASETS/ACSPONRT/V2.0/L3B2/STACKED_ANOMS/SST/WW_202301_202352-WEEK_00_2012_2023-ACSPO-V2.0-L3B2-NWA_SUBSET-PXY_1_1211676-SST-ANOM.SAV,/Satdata_Primary/nadata/DATASETS/ACSPONRT/V2.0/L3B2/STACKED_ANOMS/SST/,DIF,L3B2,ACSPO,SST,,W_202325,W,ANOM,STACKED_ANOMS,K,1688067421,1688150894,SHELFBREAK_40KM,SHELFBREAK_IN_40_80_KM,6062,6062,-2.396842956542969,2.104135513305664,-0.6624584197998047,-0.5399035716835558,0.3958339340789634,0.6983919993030903
WW_202301_202352-WEEK_00_2012_2023-ACSPO-V2.0-L3B2-NWA_SUBSET-PXY_1_1211676-SST-ANOM.SAV,/Satdata_Primary/nadata/DATASETS/ACSPONRT/V2.0/L3B2/STACKED_ANOMS/SST/WW_202301_202352-WEEK_00_2012_2023-ACSPO-V2.0-L3B2-NWA_SUBSET-PXY_1_1211676-SST-ANOM.SAV,/Satdata_Primary/nadata/DATASETS/ACSPONRT/V2.0/L3B2/STACKED_ANOMS/SST/WW_202301_202352-WEEK_00_2012_2023-ACSPO-V2.0-L3B2-NWA_SUBSET-PXY_1_1211676-SST-ANOM.SAV,/Satdata_Primary/nadata/DATASETS/ACSPONRT/V2.0/L3B2/STACKED_ANOMS/SST/,DIF,L3B2,ACSPO,SST,,W_202325,W,ANOM,STACKED_ANOMS,K,1688067421,1688150894,SHELFBREAK_40KM,SHELFBREAK_IN_0_40_KM,6885,6885,-4.457511901855469,4.499778747558594,-0.7341146469116211,-0.4809797569557472,0.7627898207694477,1.155439621295447
WW_202301_202352-WEEK_00_2012_2023-ACSPO-V2.0-L3B2-NWA_SUBSET-PXY_1_1211676-SST-ANOM.SAV,/Satdata_Primary/nadata/DATASETS/ACSPONRT/V2.0/L3B2/STACKED_ANOMS/SST/WW_202301_202352-WEEK_00_2012_2023-ACSPO-V2.0-L3B2-NWA_SUBSET-PXY_1_1211676-SST-ANOM.SAV,/Satdata_Primary/nadata/DATASETS/ACSPONRT/V2.0/L3B2/STACKED_ANOMS/SST/WW_202301_202352-WEEK_00_2012_2023-ACSPO-V2.0-L3B2-NWA_SUBSET-PXY_1_1211676-SST-ANOM.SAV,/Satdata_Primary/nadata/DATASETS/ACSPONRT/V2.0/L3B2/STACKED_ANOMS/SST/,DIF,L3B2,ACSPO,SST,,W_202325,W,ANOM,STACKED_ANOMS,K,1688067421,1688150894,SHELFBREAK_40KM,SHELFBREAK_OFF_40_80_K,6207,6207,-7.182113647460938,3.027608871459961,-0.8660850524902344,-1.456283686720693,0.7049519004057222,2.394921580459186
WW_202301_202352-WEEK_00_2012_2023-ACSPO-V2.0-L3B2-NWA_SUBSET-PXY_1_1211676-SST-ANOM.SAV,/Satdata_Primary/nadata/DATASETS/ACSPONRT/V2.0/L3B2/STACKED_ANOMS/SST/WW_202301_202352-WEEK_00_2012_2023-ACSPO-V2.0-L3B2-NWA_SUBSET-PXY_1_1211676-SST-ANOM.SAV,/Satdata_Primary/nadata/DATASETS/ACSPONRT/V2.0/L3B2/STACKED_ANOMS/SST/WW_202301_202352-WEEK_00_2012_2023-ACSPO-V2.0-L3B2-NWA_SUBSET-PXY_1_1211676-SST-ANOM.SAV,/Satdata_Primary/nadata/DATASETS/ACSPONRT/V2.0/L3B2/STACKED_ANOMS/SST/,DIF,L3B2,ACSPO,SST,,W_202325,W,ANOM,STACKED_ANOMS,K,1688067421,1688150894,SHELFBREAK_40KM,SHELFBREAK_OFF_0_40_KM,6853,6853,-6.037363052368164,4.427848815917969,-0.9989738464355469,-1.016213577645688,1.135428160216781,1.883809602818693
WW_202301_202352-WEEK_00_2012_2023-ACSPO-V2.0-L3B2-NWA_SUBSET-PXY_1_1211676-SST-ANOM.SAV,/Satdata_Primary/nadata/DATASETS/ACSPONRT/V2.0/L3B2/STACKED_ANOMS/SST/WW_202301_202352-WEEK_00_2012_2023-ACSPO-V2.0-L3B2-NWA_SUBSET-PXY_1_1211676-SST-ANOM.SAV,/Satdata_Primary/nadata/DATASETS/ACSPONRT/V2.0/L3B2/STACKED_ANOMS/SST/WW_202301_202352-WEEK_00_2012_2023-ACSPO-V2.0-L3B2-NWA_SUBSET-PXY_1_1211676-SST-ANOM.SAV,/Satdata_Primary/nadata/DATASETS/ACSPONRT/V2.0/L3B2/STACKED_ANOMS/SST/,DIF,L3B2,ACSPO,SST,,W_202326,W,ANOM,STACKED_ANOMS,K,1688067421,1688150894,SHELFBREAK_40KM,SHELFBREAK_IN_40_80_KM,6062,5812,-2.623775482177734,4.880567550659180,-1.605445861816406,-0.5829346988911639,1.079938135882278,1.679179928068550
WW_202301_202352-WEEK_00_2012_2023-ACSPO-V2.0-L3B2-NWA_SUBSET-PXY_1_1211676-SST-ANOM.SAV,/Satdata_Primary/nadata/DATASETS/ACSPONRT/V2.0/L3B2/STACKED_ANOMS/SST/WW_202301_202352-WEEK_00_2012_2023-ACSPO-V2.0-L3B2-NWA_SUBSET-PXY_1_1211676-SST-ANOM.SAV,/Satdata_Primary/nadata/DATASETS/ACSPONRT/V2.0/L3B2/STACKED_ANOMS/SST/WW_202301_202352-WEEK_00_2012_2023-ACSPO-V2.0-L3B2-NWA_SUBSET-PXY_1_1211676-SST-ANOM.SAV,/Satdata_Primary/nadata/DATASETS/ACSPONRT/V2.0/L3B2/STACKED_ANOMS/SST/,DIF,L3B2,ACSPO,SST,,W_202326,W,ANOM,STACKED_ANOMS,K,1688067421,1688150894,SHELFBREAK_40KM,SHELFBREAK_IN_0_40_KM,6885,6448,-3.742080688476562,4.409452438354492,-0.9713668823242188,-0.4968210594825650,0.9414346140274558,1.552009227600822
WW_202301_202352-WEEK_00_2012_2023-ACSPO-V2.0-L3B2-NWA_SUBSET-PXY_1_1211676-SST-ANOM.SAV,/Satdata_Primary/nadata/DATASETS/ACSPONRT/V2.0/L3B2/STACKED_ANOMS/SST/WW_202301_202352-WEEK_00_2012_2023-ACSPO-V2.0-L3B2-NWA_SUBSET-PXY_1_1211676-SST-ANOM.SAV,/Satdata_Primary/nadata/DATASETS/ACSPONRT/V2.0/L3B2/STACKED_ANOMS/SST/WW_202301_202352-WEEK_00_2012_2023-ACSPO-V2.0-L3B2-NWA_SUBSET-PXY_1_1211676-SST-ANOM.SAV,/Satdata_Primary/nadata/DATASETS/ACSPONRT/V2.0/L3B2/STACKED_ANOMS/SST/,DIF,L3B2,ACSPO,SST,,W_202326,W,ANOM,STACKED_ANOMS,K,1688067421,1688150894,SHELFBREAK_40KM,SHELFBREAK_OFF_40_80_K,6207,5979,-6.649381637573242,2.905143737792969,-0.9491748809814453,-1.140003012302907,0.6591904198556774,1.955261282852153
WW_202301_202352-WEEK_00_2012_2023-ACSPO-V2.0-L3B2-NWA_SUBSET-PXY_1_1211676-SST-ANOM.SAV,/Satdata_Primary/nadata/DATASETS/ACSPONRT/V2.0/L3B2/STACKED_ANOMS/SST/WW_202301_202352-WEEK_00_2012_2023-ACSPO-V2.0-L3B2-NWA_SUBSET-PXY_1_1211676-SST-ANOM.SAV,/Satdata_Primary/nadata/DATASETS/ACSPONRT/V2.0/L3B2/STACKED_ANOMS/SST/WW_202301_202352-WEEK_00_2012_2023-ACSPO-V2.0-L3B2-NWA_SUBSET-PXY_1_1211676-SST-ANOM.SAV,/Satdata_Primary/nadata/DATASETS/ACSPONRT/V2.0/L3B2/STACKED_ANOMS/SST/,DIF,L3B2,ACSPO,SST,,W_202326,W,ANOM,STACKED_ANOMS,K,1688067421,1688150894,SHELFBREAK_40KM,SHELFBREAK_OFF_0_40_KM,6853,6511,-5.951820373535156,3.134609222412109,-1.367801666259766,-1.046901032628414,0.7659088482780529,1.705987030294381
